product_url,product_name,product_category_tree,pid,retail_price,discounted_price,,Date
http://www.flipkart.com/ezyprnt-cv-golf-ball-size-4-diameter-4-26-cm/p/itmegfxzz5dg9rce?pid=BALEGFXZZ3MRZYVC,"ezyPRNT ""CV"" Golf Ball -   Size: 4,  Diameter: 4.26 cm","[""Sports & Fitness >> Other Sports >> Golf >> Golf Balls >> ezyPRNT Golf Balls >> ezyPRNT \""CV\"" Golf Ball -   Size: 4,  Diameter: 4...""]",BALEGFXZZ3MRZYVC,1195,625,,02-11-2022
http://www.flipkart.com/traditions-printed-protective-men-s-gloves/p/itmej8hyqzfxh8td?pid=GVEEJ8HYZGXTNYYH,Traditions Printed Protective Men's Gloves,"[""Clothing >> Men's Clothing >> Accessories & Combo Sets >> Gloves >> Traditions Gloves >> Traditions Printed Protective Men's Gloves""]",GVEEJ8HYZGXTNYYH,500,429,,01-11-2022
http://www.flipkart.com/first-choice-cotton-embroidered-diwan-set/p/itmejj8v8jntethd?pid=DSTEJJ8VGMGUFVWF,First Choice Cotton Embroidered Diwan Set,"[""Home Furnishing >> Living Room Furnishing >> Diwan Sets >> First Choice Diwan Sets >> First Choice Cotton Embroidered Diwan Set""]",DSTEJJ8VGMGUFVWF,2199,1009,,01-11-2022
http://www.flipkart.com/eccellente-solid-hip-hop-cap/p/itmehxtr6hffdfbj?pid=CAPEHXTRYTBBN2QK,Eccellente Solid Hip Hop Cap,"[""Clothing >> Women's Clothing >> Lingerie, Sleep & Swimwear >> Swim & Beach Wear >> Eccellente Swim & Beach Wear >> Eccellente Solid Hip Hop Cap""]",CAPEHXTRYTBBN2QK,899,366,,01-11-2022
http://www.flipkart.com/nechams-resin-magnetic-melamine-small-whiteboards/p/itmechfjb5uhmtnt?pid=WADECHFGPKW3DHDX,Nechams Resin Magnetic Magnetic Melamine Small Whiteboards,"[""Pens & Stationery >> Office Supplies >> Boards & Dusters >> Whiteboards >> Nechams Whiteboards >> Nechams Resin Magnetic Magnetic Melamine Small W...""]",WADECHFGPKW3DHDX,1799,829,,01-11-2022
http://www.flipkart.com/traditions-printed-protective-men-s-gloves/p/itmej8hyccnetmvb?pid=GVEEJ8HYPD9KYQ3H,Traditions Printed Protective Men's Gloves,"[""Clothing >> Men's Clothing >> Accessories & Combo Sets >> Gloves >> Traditions Gloves >> Traditions Printed Protective Men's Gloves""]",GVEEJ8HYPD9KYQ3H,500,429,,01-11-2022
http://www.flipkart.com/first-choice-cotton-embroidered-diwan-set/p/itmejj8vydzar5zf?pid=DSTEJJ8VUGD5ZWVY,First Choice Cotton Embroidered Diwan Set,"[""Home Furnishing >> Living Room Furnishing >> Diwan Sets >> First Choice Diwan Sets >> First Choice Cotton Embroidered Diwan Set""]",DSTEJJ8VUGD5ZWVY,2199,1009,,01-11-2022
http://www.flipkart.com/first-choice-cotton-embroidered-diwan-set/p/itmejj8umfzhhxcm?pid=DSTEJJ8UB6GWJWFX,First Choice Cotton Embroidered Diwan Set,"[""Home Furnishing >> Living Room Furnishing >> Diwan Sets >> First Choice Diwan Sets >> First Choice Cotton Embroidered Diwan Set""]",DSTEJJ8UB6GWJWFX,2199,1009,,01-11-2022
http://www.flipkart.com/jaspo-thunder-intact-superior-senior-skates-combo-skates-helmet-knee-elbow-bag-suitable-age-upto-6-14-years-skating-kit/p/itmegfbd4tyyxpk9?pid=KITEGFBDSYZSVBKB,JASPO Thunder Intact Superior Senior Skates Combo (skates+helmet+knee+elbow+bag)suitable for age upto 6 to 14 years Skating Kit,"[""Sports & Fitness >> Other Sports >> Skating >> Kits >> JASPO Kits >> JASPO Thunder Intact Superior Senior Skates Comb...""]",KITEGFBDSYZSVBKB,1399,800,,01-11-2022
http://www.flipkart.com/masaba-magic-fairy-girl-s-layered-pink-dress/p/itmej3v5bxykzbye?pid=DREEJ3V5R9GQJNSY,Masaba for Magic fairy Girl's Layered Pink Dress,"[""Clothing >> Kids' Clothing >> Girls Wear >> Dresses & Skirts >> Dresses >> Masaba for Magic fairy Dresses >> Masaba for Magic fairy Girl's Layered Pink Dress""]",DREEJ3V5R9GQJNSY,1775,1628,,01-11-2022
http://www.flipkart.com/momin-libas-ak2414-kashibo-solid-abaya-no/p/itmej7ypx52wk3th?pid=ABQEJ7YQTNQGMXZV,Momin Libas AK2414 Kashibo Solid Abaya No,"[""Clothing >> Women's Clothing >> Ethnic Wear >> Abayas & Burqas >> Momin Libas Abayas & Burqas >> Momin Libas AK2414 Kashibo Solid Abaya No (Blue)""]",ABQEJ7YQTNQGMXZV,3999,2428,,01-11-2022
http://www.flipkart.com/acm-pouch-swipe-elite-plus/p/itmejgyywrztzmzf?pid=ACCEJGYYMTQR4JXY,ACM Pouch for Swipe Elite Plus,"[""Mobiles & Accessories >> Mobile Accessories >> Mobile Pouches >> ACM Mobile Pouches >> ACM Pouch for Swipe Elite Plus (Black)""]",ACCEJGYYMTQR4JXY,990,369,,01-11-2022
http://www.flipkart.com/r-enterprises-musical-wlking-cow/p/itmejjaqyfxngngk?pid=MTYEJJAQYHCNKYZZ,A R ENTERPRISES musical wlking cow,"[""Toys & School Supplies >> Musical Instruments & Toys >> A R ENTERPRISES Musical Instruments & Toys >> A R ENTERPRISES musical wlking cow (Multicolor)""]",MTYEJJAQYHCNKYZZ,999,329,,01-11-2022
http://www.flipkart.com/first-choice-cotton-embroidered-diwan-set/p/itmejj8uqvy8zdrz?pid=DSTEJJ8UAQSHGFDV,First Choice Cotton Embroidered Diwan Set,"[""Home Furnishing >> Living Room Furnishing >> Diwan Sets >> First Choice Diwan Sets >> First Choice Cotton Embroidered Diwan Set""]",DSTEJJ8UAQSHGFDV,2199,1009,,01-11-2022
http://www.flipkart.com/santosh-royal-fashion-cotton-embroidered-diwan-set/p/itmejjexzqffezrf?pid=DSTEJJEXFWXKBDYM,SANTOSH ROYAL FASHION Cotton Embroidered Diwan Set,"[""Home Furnishing >> Living Room Furnishing >> Diwan Sets >> SANTOSH ROYAL FASHION Diwan Sets >> SANTOSH ROYAL FASHION Cotton Embroidered Diwan Set""]",DSTEJJEXFWXKBDYM,2199,1009,,01-11-2022
http://www.flipkart.com/first-choice-cotton-embroidered-diwan-set/p/itmejj8uv5vfdzmg?pid=DSTEJJ8UFYUTSZ3F,First Choice Cotton Embroidered Diwan Set,"[""Home Furnishing >> Living Room Furnishing >> Diwan Sets >> First Choice Diwan Sets >> First Choice Cotton Embroidered Diwan Set""]",DSTEJJ8UFYUTSZ3F,2199,1009,,01-11-2022
http://www.flipkart.com/shoebuzz-casuals/p/itmejkk3fzg9bhht?pid=SHOEJKK3VZGHMT6T,ShoeBuzz Casuals,"[""Footwear >> Men's Footwear >> Casual Shoes >> ShoeBuzz Casual Shoes >> ShoeBuzz Casuals""]",SHOEJKK3VZGHMT6T,799,277,,01-11-2022
http://www.flipkart.com/zed-loafers/p/itmejgfuwakdsqnc?pid=SHOEJGFU7RXZXFEM,Zed Loafers,"[""Footwear >> Men's Footwear >> Casual Shoes >> Zed Casual Shoes >> Zed Loafers""]",SHOEJGFU7RXZXFEM,499,529,,01-11-2022
http://www.flipkart.com/house-queen-cotton-duvet-cover/p/itmejhvezqqfgrhm?pid=DCVEJHVEMXYT6UF6,House This Queen Cotton Duvet Cover,"[""Home Furnishing >> Bed Linen >> Duvet Covers >> House This Duvet Covers >> House This Queen Cotton Duvet Cover (Grey)""]",DCVEJHVEMXYT6UF6,1160,1190,,01-11-2022
http://www.flipkart.com/acm-pouch-intex-aqua-lions-3g/p/itmejgyy7mnvcvqg?pid=ACCEJGYYYCGETMGA,ACM Pouch for Intex Aqua Lions 3g,"[""Mobiles & Accessories >> Mobile Accessories >> Mobile Pouches >> ACM Mobile Pouches >> ACM Pouch for Intex Aqua Lions 3g (Purple)""]",ACCEJGYYYCGETMGA,990,369,,01-11-2022
http://www.flipkart.com/womaniya-alloy-bracelet/p/itmejk8zgtaz3rtx?pid=BBAEJK8Z5UD97GTP,womaniya Alloy Bracelet,"[""Jewellery >> Bangles, Bracelets & Armlets >> Bracelets >> womaniya Alloy Bracelet""]",BBAEJK8Z5UD97GTP,2000,1230,,01-11-2022
http://www.flipkart.com/taj-pearl-alloy-cuff/p/itmejkebybp3gx4u?pid=BBAEJKEBQGU5CPUT,Taj Pearl Alloy Cuff,"[""Jewellery >> Bangles, Bracelets & Armlets >> Bracelets >> Taj Pearl Alloy Cuff""]",BBAEJKEBQGU5CPUT,665,429,,01-11-2022
http://www.flipkart.com/jaspo-saphire-dual-shoe-skates-combo-size-5-skating-kit/p/itmeevfdma5rkq7n?pid=KITEEVFDJDZ2ANQG,JASPO Saphire Dual Shoe Skates Combo Size 5 Skating Kit,"[""Sports & Fitness >> Other Sports >> Skating >> Kits >> JASPO Kits >> JASPO Saphire Dual Shoe Skates Combo Size 5 Skat...""]",KITEEVFDJDZ2ANQG,2299,1300,,01-11-2022
http://www.flipkart.com/taj-pearl-alloy-cuff/p/itmejkech33hggbk?pid=BBAEJKEC2HXUHKQE,Taj Pearl Alloy Cuff,"[""Jewellery >> Bangles, Bracelets & Armlets >> Bracelets >> Taj Pearl Alloy Cuff""]",BBAEJKEC2HXUHKQE,665,429,,01-11-2022
http://www.flipkart.com/bento-musical-teddy-bear/p/itmejkestgzgbuh6?pid=MTYEJKESAJVRTGSS,Bento Musical Teddy Bear,"[""Toys & School Supplies >> Musical Instruments & Toys >> Bento Musical Instruments & Toys >> Bento Musical Teddy Bear (Multicolor)""]",MTYEJKESAJVRTGSS,199,93,,01-11-2022
http://www.flipkart.com/wake-up-competition-full-sleeve-striped-men-s-sweatshirt/p/itmejff8ahjgxjgf?pid=SWSEJFF8Z9DSYYGF,Wake Up Competition Full Sleeve Striped Men's Sweatshirt,"[""Clothing >> Men's Clothing >> Winter & Seasonal Wear >> Sweatshirts >> Wake Up Competition Sweatshirts >> Wake Up Competition Full Sleeve Striped Men's Sw...""]",SWSEJFF8Z9DSYYGF,1495,778,,01-11-2022
http://www.flipkart.com/taj-pearl-alloy-cuff/p/itmejkeaqwghxp7y?pid=BBAEJKEAE2TT5M5R,Taj Pearl Alloy Cuff,"[""Jewellery >> Bangles, Bracelets & Armlets >> Bracelets >> Taj Pearl Alloy Cuff""]",BBAEJKEAE2TT5M5R,665,429,,01-11-2022
http://www.flipkart.com/taj-pearl-alloy-cuff/p/itmejkec74f8fbps?pid=BBAEJKECZ2ZNAUZQ,Taj Pearl Alloy Cuff,"[""Jewellery >> Bangles, Bracelets & Armlets >> Bracelets >> Taj Pearl Alloy Cuff""]",BBAEJKECZ2ZNAUZQ,665,429,,01-11-2022
http://www.flipkart.com/cellbazaar-blackberry-8520-white-lcd/p/itmehdh9puujqyzd?pid=MDYEHDH9HMZPANGJ,Cellbazaar Blackberry 8520 WHITE LCD LCD,"[""Cellbazaar Blackberry 8520 WHITE LCD LCD (YIT-562)""]",MDYEHDH9HMZPANGJ,5000,1030,,01-11-2022
http://www.flipkart.com/dressberry-gold-synthetic-clutch/p/itmehe9fzfk65gck?pid=CLTEHE9FNRZSJGNB,Dressberry Gold Synthetic  Clutch,"[""Dressberry Gold Synthetic  Clutch""]",CLTEHE9FNRZSJGNB,1299,1329,,01-11-2022
http://www.flipkart.com/mast-harbour-black-synthetic-clutch/p/itmehe9gegrxgpze?pid=CLTEHE9FHWMCHUMM,Mast & Harbour Black Synthetic  Clutch,"[""Mast & Harbour Black Synthetic  Clutch""]",CLTEHE9FHWMCHUMM,1899,1929,,01-11-2022
http://www.flipkart.com/jqr-sports-shoes-running/p/itmeh766rrh2bhzu?pid=SHOEH76627H5HRHM,JQR JQR Sports Shoes Running Shoes,"[""Footwear >> Men's Footwear >> Sports Shoes >> JQR Sports Shoes >> JQR JQR Sports Shoes Running Shoes""]",SHOEH76627H5HRHM,1299,1329,,01-11-2022
http://www.flipkart.com/sisel-printed-poly-cotton-women-s-stole/p/itmehfmhwuhrgdpj?pid=SCFEHFMHWZNYMH9C,Sisel Printed Poly Cotton Women's Stole,"[""Sisel Printed Poly Cotton Women's Stole""]",SCFEHFMHWZNYMH9C,299,128,,01-11-2022
http://www.flipkart.com/jqr-sports-shoes-running/p/itmeh76fknv2tsxc?pid=SHOEH7622HVGTZUF,JQR JQR Sports Shoes Running Shoes,"[""Footwear >> Men's Footwear >> Sports Shoes >> JQR Sports Shoes >> JQR JQR Sports Shoes Running Shoes""]",SHOEH7622HVGTZUF,999,999,,01-11-2022
http://www.flipkart.com/knight-ace-kraasa-sports-running-shoes-cycling-walking-shoes/p/itmehe7cgyntgkpz?pid=SHOEHE7C7X5FZYMF,"Knight Ace Kraasa Sports Running Shoes, Cycling Shoes, Walking Shoes","[""Knight Ace Kraasa Sports Running Shoes, Cycling ...""]",SHOEHE7C7X5FZYMF,1299,499,,01-11-2022
http://www.flipkart.com/dressberry-gold-synthetic-clutch/p/itmehe9fbvamch2p?pid=CLTEHE9FS4UCYDGH,Dressberry Gold Synthetic  Clutch,"[""Dressberry Gold Synthetic  Clutch""]",CLTEHE9FS4UCYDGH,1299,1299,,01-11-2022
http://www.flipkart.com/great-art-floral-print-wool-viscose-20-kashmiri-50-cashmilon-30-wool-ruffle-yarn-women-s-stole/p/itmehbhxzkhytmjw?pid=SCFEHBHXDGDY4FHQ,"Great Art Floral Print Wool, Viscose, 20% Kashmiri wool, 50% Cashmilon and 30% Wool ruffle yarn Women's Stole","[""Clothing >> Women's Clothing >> Accessories >> Scarves & Stoles >> Great Art Scarves & Stoles >> Great Art Floral Print Wool, Viscose, 20% Kashmi...""]",SCFEHBHXDGDY4FHQ,1099,493,,01-11-2022
http://www.flipkart.com/indistar-self-design-viscose-women-s-stole/p/itmehdjks9fzqt6y?pid=SCFEHDJKTM826ZRA,Indistar Self Design Viscose Women's Stole,"[""Indistar Self Design Viscose Women's Stole""]",SCFEHDJKTM826ZRA,478,239,,01-11-2022
http://www.flipkart.com/mast-harbour-black-synthetic-clutch/p/itmehe9gef8qepkm?pid=CLTEHE9GGXJKCWCV,Mast & Harbour Black Synthetic  Clutch,"[""Mast & Harbour Black Synthetic  Clutch""]",CLTEHE9GGXJKCWCV,1899,1899,,01-11-2022
http://www.flipkart.com/glacier-running-shoes/p/itmefpcazwhtdah3?pid=SHOEFPCBUQHV7YUG,Glacier Running Shoes,"[""Glacier Running Shoes""]",SHOEFPCBUQHV7YUG,629,498,,01-11-2022
http://www.flipkart.com/dressberry-black-synthetic-clutch/p/itmehe9fjgarkff4?pid=CLTEHE9FD2APDRWQ,Dressberry Black Synthetic  Clutch,"[""Dressberry Black Synthetic  Clutch""]",CLTEHE9FD2APDRWQ,1299,1299,,01-11-2022
http://www.flipkart.com/zoe-marciano-blue-heavy-duty-satin-wong-fabric-clutch/p/itmehd756mkfgwc3?pid=CLTEHD75ANYWYAAY,Zoe Marciano Blue Heavy-duty satin wong fabric  Clutch,"[""Bags, Wallets & Belts >> Wallets & Clutches >> Clutches >> Zoe Marciano Clutches >> Zoe Marciano Blue Heavy-duty satin wong fabric  ...""]",CLTEHD75ANYWYAAY,1599,699,,01-11-2022
http://www.flipkart.com/asics-gel-cumulus-17-running-shoes/p/itmehep5g5wrz5ns?pid=SHOEHEP5EWSGZ7XA,Asics Gel-Cumulus 17 Running Shoes,"[""Asics Gel-Cumulus 17 Running Shoes""]",SHOEHEP5EWSGZ7XA,9499,9499,,01-11-2022
http://www.flipkart.com/dressberry-black-synthetic-clutch/p/itmehe9fmqex4ynp?pid=CLTEHE9FDPYN5TQ3,Dressberry Black Synthetic  Clutch,"[""Dressberry Black Synthetic  Clutch""]",CLTEHE9FDPYN5TQ3,1299,1299,,01-11-2022
http://www.flipkart.com/mast-harbour-gold-synthetic-clutch/p/itmehe9g8hvyqjz9?pid=CLTEHE9GYYY2P7AN,Mast & Harbour Gold Synthetic  Clutch,"[""Mast & Harbour Gold Synthetic  Clutch""]",CLTEHE9GYYY2P7AN,1899,1899,,01-11-2022
http://www.flipkart.com/asics-gel-kayano-22-running-shoes/p/itmehep5hsgj3nd7?pid=SHOEHEP5H5XGFZJY,Asics Gel-Kayano 22 Running Shoes,"[""Asics Gel-Kayano 22 Running Shoes""]",SHOEHEP5H5XGFZJY,12499,12499,,01-11-2022
http://www.flipkart.com/indistar-self-design-viscose-women-s-stole/p/itmehdk7yfnp93hv?pid=SCFEHDK7XFHAAZZZ,Indistar Self Design Viscose Women's Stole,"[""Indistar Self Design Viscose Women's Stole""]",SCFEHDK7XFHAAZZZ,898,449,,01-11-2022
http://www.flipkart.com/dressberry-orange-synthetic-clutch/p/itmehe9fyddjdwfv?pid=CLTEHE9FNVRTJUGS,Dressberry Orange Synthetic  Clutch,"[""Dressberry Orange Synthetic  Clutch""]",CLTEHE9FNVRTJUGS,1899,1899,,01-11-2022
http://www.flipkart.com/dressberry-gold-synthetic-clutch/p/itmehe9fwfwdphk6?pid=CLTEHE9FKGAZSNXR,Dressberry Gold Synthetic  Clutch,"[""Dressberry Gold Synthetic  Clutch""]",CLTEHE9FKGAZSNXR,1299,1299,,01-11-2022
http://www.flipkart.com/dressberry-green-synthetic-clutch/p/itmehe9fkmjhbjca?pid=CLTEHE9FJRKY7HKR,Dressberry Green Synthetic  Clutch,"[""Dressberry Green Synthetic  Clutch""]",CLTEHE9FJRKY7HKR,1899,1899,,01-11-2022
http://www.flipkart.com/zoe-marciano-blue-heavy-duty-satin-wong-fabric-clutch/p/itmehd6a9herfpwa?pid=CLTEHD6AQ4CW7AWU,Zoe Marciano Blue Heavy-duty satin wong fabric  Clutch,"[""Bags, Wallets & Belts >> Wallets & Clutches >> Clutches >> Zoe Marciano Clutches >> Zoe Marciano Blue Heavy-duty satin wong fabric  ...""]",CLTEHD6AQ4CW7AWU,1599,699,,01-11-2022
http://www.flipkart.com/escan-lace-up/p/itmehdmyypsrhuts?pid=SHOEHDMYWZNYA7HH,Escan Lace Up,"[""Escan Lace Up""]",SHOEHDMYWZNYA7HH,1299,999,,01-11-2022
http://www.flipkart.com/dressberry-gold-synthetic-clutch/p/itmehe9fjcpvhn9e?pid=CLTEHE9FC9GPHNF2,Dressberry Gold Synthetic  Clutch,"[""Dressberry Gold Synthetic  Clutch""]",CLTEHE9FC9GPHNF2,1299,1299,,01-11-2022
http://www.flipkart.com/nine-maternity-wear-women-s-fit-flare-dress/p/itmeeygrghwhadnn?pid=DREEEYGRYGXYB9BU,Nine Maternity Wear Women's Fit and Flare Dress,"[""Nine Maternity Wear Women's Fit and Flare Dress""]",DREEEYGRYGXYB9BU,1825,1825,,01-11-2022
http://www.flipkart.com/kleio-festive-party-casual-blue-pu-clutch/p/itmejck7qpzhnxg7?pid=CLTEJCK7KMJKN5HJ,"Kleio Festive, Party, Casual Blue PU  Clutch","[""Bags, Wallets & Belts >> Wallets & Clutches >> Clutches >> Kleio Clutches >> Kleio Festive, Party, Casual Blue PU  Clutch""]",CLTEJCK7KMJKN5HJ,1899,999,,01-11-2022
http://www.flipkart.com/skipper-blends-aqua-striped-eyelet-window-curtain/p/itmejcc59b9guhbn?pid=CRNEJCC5YHEWAQ7B,Skipper Blends Aqua Striped Eyelet Window Curtain,"[""Home Furnishing >> Curtains & Accessories >> Curtains >> Skipper Curtains >> Skipper Blends Aqua Striped Eyelet Window Curtai...""]",CRNEJCC5YHEWAQ7B,1733,1039,,01-11-2022
http://www.flipkart.com/mizuno-lightweight-hoody-solid-men-s-wind-cheater/p/itmehu6fbpeag9wk?pid=WCTEHU6FYRC6WWCG,Mizuno Lightweight Hoody Solid Men's Wind Cheater,"[""Clothing >> Men's Clothing >> Winter & Seasonal Wear >> Windcheaters >> Mizuno Windcheaters >> Mizuno Lightweight Hoody Solid Men's Wind Cheater""]",WCTEHU6FYRC6WWCG,4999,4999,,01-11-2022
http://www.flipkart.com/turbo-mse-test-lite-batting-gloves-men-white-orange/p/itmehxrhbkcyg8yq?pid=SGEEHXRHX7CVWD59,"Turbo MSE TEST LITE Batting Gloves (Men, White, Orange)","[""Sports & Fitness >> Team Sports >> Cricket >> Cricket Gloves >> Turbo Cricket Gloves >> Turbo MSE TEST LITE Batting Gloves (Men, White, ...""]",SGEEHXRHX7CVWD59,1637,818,,01-11-2022
http://www.flipkart.com/turbo-league-batting-gloves-men-white-blue/p/itmehxrhj638qfqc?pid=SGEEHXRHQUQMNNVZ,"Turbo LEAGUE Batting Gloves (Men, White, Blue)","[""Sports & Fitness >> Team Sports >> Cricket >> Cricket Gloves >> Turbo Cricket Gloves >> Turbo LEAGUE Batting Gloves (Men, White, Blue)""]",SGEEHXRHQUQMNNVZ,1232,616,,01-11-2022
http://www.flipkart.com/stamin-mass-gainers/p/itmeavtqezxyygdq?pid=PSLEAVTQQXEXZYYZ,Stamin Mass Gainers,"[""Food & Nutrition >> Health & Nutrition >> Protein Supplements >> Stamin Mass Gainers (2 kg, Strawberry)""]",PSLEAVTQQXEXZYYZ,2300,1955,,01-11-2022
http://www.flipkart.com/pure-source-psi-as-hanggnrlx-relaxing-liquid-air-freshener/p/itme9b8etewsnz73?pid=AIRE9B8EKTNR8J4B,Pure Source Psi-As-Hanggnrlx Relaxing Liquid Air Freshener,"[""Home Decor & Festive Needs >> Candles & Fragrances >> Home Fragrances >> Aroma Oil & Diffuser Sets >> Pure Source Aroma Oil & Diffuser Sets""]",AIRE9B8EKTNR8J4B,1250,375,,01-11-2022
http://www.flipkart.com/svt-ada-collections-formal-full-sleeve-checkered-women-s-top/p/itmebcjf7khwrg9g?pid=TOPEBCJF2D8JB3RG,Svt Ada Collections Formal Full Sleeve Checkered Women's Top,"[""Clothing >> Women's Clothing >> Western Wear >> Shirts, Tops & Tunics >> Tops >> Svt Ada Collections Tops""]",TOPEBCJF2D8JB3RG,1199,795,,01-11-2022
http://www.flipkart.com/svt-ada-collections-party-3-4-sleeve-checkered-women-s-top/p/itmec89zyhquhkgf?pid=TOPEC89ZP7VSJGZK,Svt Ada Collections Party 3/4 Sleeve Checkered Women's Top,"[""Clothing >> Women's Clothing >> Western Wear >> Shirts, Tops & Tunics >> Tops >> Svt Ada Collections Tops""]",TOPEC89ZP7VSJGZK,1199,880,,01-11-2022
http://www.flipkart.com/svt-ada-collections-casual-full-sleeve-checkered-women-s-top/p/itmeddv9294x7dux?pid=TOPEDDV9USBFWGPZ,Svt Ada Collections Casual Full Sleeve Checkered Women's Top,"[""Clothing >> Women's Clothing >> Western Wear >> Shirts, Tops & Tunics >> Tops >> Svt Ada Collections Tops""]",TOPEDDV9USBFWGPZ,1699,1215,,01-11-2022
http://www.flipkart.com/asian-gems-jewels-5-dhaatu-metal-alloy-opal-ring/p/itme7z9nhhxbnnf6?pid=RNGE7Z9NKQU2CEVJ,"Asian Gems & Jewels 5 Dhaatu Metal, Alloy Opal Ring","[""Jewellery >> Rings""]",RNGE7Z9NKQU2CEVJ,2746,687,,01-11-2022
http://www.flipkart.com/asian-gems-jewels-5-dhaatu-metal-alloy-opal-ring/p/itme7z9nts6gzbr7?pid=RNGE7Z9NHKZPRSEE,"Asian Gems & Jewels 5 Dhaatu Metal, Alloy Opal Ring","[""Jewellery >> Rings""]",RNGE7Z9NHKZPRSEE,2973,743,,01-11-2022
http://www.flipkart.com/asian-gems-jewels-5-dhaatu-metal-alloy-amethyst-ring/p/itme7z9nvtjhyggb?pid=RNGE7Z9NAEWGKG5A,"Asian Gems & Jewels 5 Dhaatu Metal, Alloy Amethyst Ring","[""Jewellery >> Rings""]",RNGE7Z9NAEWGKG5A,1937,968,,01-11-2022
http://www.flipkart.com/kings-multicolor-tassels/p/itmecgpsanzbhwgy?pid=CAYECGPSFMSBYTCF,Kings Multicolor Tassels,"[""Home Furnishing >> Curtains & Accessories >> Curtain Accessories""]",CAYECGPSFMSBYTCF,1000,249,,01-11-2022
http://www.flipkart.com/avsar-sachi-gold-diamond-18-k-ring/p/itmeawyfzq4bfvxx?pid=RNGEAWYFMVWZUEWE,Avsar Sachi Gold Diamond 18 K Ring,"[""Jewellery >> Rings""]",RNGEAWYFMVWZUEWE,16880,8440,,01-11-2022
http://www.flipkart.com/peppermint-blues-casual-sleeveless-printed-women-s-top/p/itmebyn5qrndusa8?pid=TOPE5PHFZHVEY42Z,Peppermint Blues Casual Sleeveless Printed Women's Top,"[""Clothing >> Women's Clothing >> Western Wear >> Shirts, Tops & Tunics >> Tops >> Peppermint Blues Tops""]",TOPE5PHFZHVEY42Z,399,359,,01-11-2022
http://www.flipkart.com/nishtaa-yellow-gold-22-k-ring/p/itmdwkzm5hzbgvhf?pid=RNGDWKZM5ETTQGGU,Nishtaa Yellow Gold 22 K Ring,"[""Jewellery >> Rings""]",RNGDWKZM5ETTQGGU,18350,17433,,01-11-2022
http://www.flipkart.com/xpert-schoolboys-blk-lace-up-shoes/p/itme7djapaayfzrv?pid=SHOE7DJBEPYGQPHF,Xpert Schoolboys Blk Lace Up Shoes,"[""Footwear >> Kids' & Infant Footwear >> For Boys >> School Shoes""]",SHOE7DJBEPYGQPHF,399,299,,01-11-2022
http://www.flipkart.com/just-time-fashions-women-s-a-line-dress/p/itme92aqfews6bmm?pid=DREE92AQQFDRUFAN,Just In Time Fashions Women's A-line Dress,"[""Clothing >> Women's Clothing >> Western Wear >> Dresses & Skirts >> Dresses >> Just In Time Fashions Dresses""]",DREE92AQQFDRUFAN,2499,1499,,01-11-2022
http://www.flipkart.com/yepme-women-s-gathered-dress/p/itmdz7f5ygrzkpev?pid=DREDZ7F5H5WNGXWS,Yepme Women's Gathered Dress,"[""Clothing >> Women's Clothing >> Western Wear >> Dresses & Skirts >> Dresses >> Yepme Dresses""]",DREDZ7F5H5WNGXWS,1799,799,,01-11-2022
http://www.flipkart.com/van-heusen-men-s-printed-party-shirt/p/itmedffjhmsewsub?pid=SHTEDFFJMHZWSYT2,Van Heusen Men's Printed Party Shirt,"[""Clothing >> Men's Clothing >> Shirts >> Casual & Party Wear Shirts >> Van Heusen Casual & Party Wear Shirts""]",SHTEDFFJMHZWSYT2,2099,1469,,01-11-2022
http://www.flipkart.com/eshoppee-laughing-buddha-success-wealth-showpiece-12-cm/p/itme9whuhegwsypk?pid=SHIE9WHT4M9FHMB5,Eshoppee Laughing Buddha For Success And Wealth Showpiece  -  12 cm,"[""Home Decor & Festive Needs >> Showpieces >> Eshoppee Showpieces""]",SHIE9WHT4M9FHMB5,799,399,,01-11-2022
http://www.flipkart.com/karatcraft-triniya-promise-gold-diamond-18-k-ring/p/itme7t8fegkapukv?pid=RNGE864HRSHWNANE,Karatcraft Triniya Promise Gold Diamond 18 K Ring,"[""Jewellery >> Rings""]",RNGE864HRSHWNANE,49999,34221,,01-11-2022
http://www.flipkart.com/nishtaa-yellow-gold-22-k-ring/p/itmdwkzn6zdqcmgt?pid=RNGDWKZNGUHGKETQ,Nishtaa Yellow Gold 22 K Ring,"[""Jewellery >> Rings""]",RNGDWKZNGUHGKETQ,8190,7781,,01-11-2022
http://www.flipkart.com/mykraft-girl-s-a-line-dress/p/itme6g7mgnpmtzbc?pid=DREE6G7MEUW3MM6Z,Mykraft Girl's A-line Dress,"[""Clothing >> Kids' Clothing >> Girls Wear >> Dresses & Skirts >> Dresses >> Mykraft Dresses""]",DREE6G7MEUW3MM6Z,1205,964,,01-11-2022
http://www.flipkart.com/cranberry-club-girl-s-gathered-dress/p/itme9c3ncyfmfgfd?pid=DREE9C3NKTNUCWSN,The Cranberry Club Girl's Gathered Dress,"[""Clothing >> Kids' Clothing >> Girls Wear >> Dresses & Skirts >> Dresses >> The Cranberry Club Dresses""]",DREE9C3NKTNUCWSN,1299,999,,01-11-2022
http://www.flipkart.com/fashion-tree-men-s-solid-formal-shirt/p/itmee72rsgszwfg5?pid=SHTEE72RZN4TVPUY,Fashion Tree Men's Solid Formal Shirt,"[""Clothing >> Men's Clothing >> Shirts >> Formal Shirts >> Fashion Tree Formal Shirts""]",SHTEE72RZN4TVPUY,999,349,,01-11-2022
http://www.flipkart.com/fashion-tree-men-s-solid-formal-shirt/p/itmee72reg6fh7ad?pid=SHTEE72RCD7G7D2N,Fashion Tree Men's Solid Formal Shirt,"[""Clothing >> Men's Clothing >> Shirts >> Formal Shirts >> Fashion Tree Formal Shirts""]",SHTEE72RCD7G7D2N,999,349,,01-11-2022
http://www.flipkart.com/fashion-tree-men-s-solid-formal-shirt/p/itmee72rebrjgnkw?pid=SHTEE72RA42KXW2S,Fashion Tree Men's Solid Formal Shirt,"[""Clothing >> Men's Clothing >> Shirts >> Formal Shirts >> Fashion Tree Formal Shirts""]",SHTEE72RA42KXW2S,999,349,,01-11-2022
http://www.flipkart.com/peter-england-men-s-solid-formal-shirt/p/itmedvzrftg3us5u?pid=SHTEDVZRHNGYYMES,Peter England Men's Solid Formal Shirt,"[""Clothing >> Men's Clothing >> Shirts >> Formal Shirts >> Peter England Formal Shirts""]",SHTEDVZRHNGYYMES,1399,1399,,01-11-2022
http://www.flipkart.com/gee-bee-casual-printed-women-s-kurti/p/itmebfrqgytc4ppq?pid=KRTEBFRQD4VMTPYK,Gee & Bee Casual Printed Women's Kurti,"[""Clothing >> Women's Clothing >> Ethnic Wear >> Kurtas & Kurtis >> Kurtis >> Gee & Bee Kurtis""]",KRTEBFRQD4VMTPYK,1664,499,,01-11-2022
http://www.flipkart.com/gee-bee-casual-printed-women-s-kurti/p/itmebfrqzdzasgbe?pid=KRTEBFRQEW73G6BA,Gee & Bee Casual Printed Women's Kurti,"[""Clothing >> Women's Clothing >> Ethnic Wear >> Kurtas & Kurtis >> Kurtis >> Gee & Bee Kurtis""]",KRTEBFRQEW73G6BA,2499,749,,01-11-2022
http://www.flipkart.com/dumdaar-com-casual-short-sleeve-self-design-women-s-top/p/itmedchagzh5mvkp?pid=TOPEDCHAAH2UHQSR,Dumdaar.Com Casual Short Sleeve Self Design Women's Top,"[""Clothing >> Women's Clothing >> Western Wear >> Shirts, Tops & Tunics >> Tops >> Dumdaar.Com Tops""]",TOPEDCHAAH2UHQSR,999,399,,01-11-2022
http://www.flipkart.com/f-s-casual-party-short-sleeve-self-design-women-s-top/p/itmebs25yhzu3et7?pid=TOPEBS26V3JRYSF3,"F&S Casual, Party Short Sleeve Self Design Women's Top","[""Clothing >> Women's Clothing >> Western Wear >> Shirts, Tops & Tunics >> Tops >> F&S Tops""]",TOPEBS26V3JRYSF3,1299,421,,01-11-2022
http://www.flipkart.com/oviya-casual-sleeveless-self-design-women-s-top/p/itmdzgv87kaqcgat?pid=TOPDZGV8GUEXZNUT,Oviya Casual Sleeveless Self Design Women's Top,"[""Clothing >> Women's Clothing >> Western Wear >> Shirts, Tops & Tunics >> Tops >> Oviya Tops""]",TOPDZGV8GUEXZNUT,999,699,,01-11-2022
http://www.flipkart.com/clove-casual-3-4-sleeve-self-design-women-s-top/p/itmeaz88u9w9wmh5?pid=TOPEAZ88AGF3KJHS,The Clove Casual 3/4 Sleeve Self Design Women's Top,"[""Clothing >> Women's Clothing >> Western Wear >> Shirts, Tops & Tunics >> Tops >> The Clove Tops""]",TOPEAZ88AGF3KJHS,800,399,,01-11-2022
http://www.flipkart.com/vanca-formal-full-sleeve-self-design-women-s-top/p/itmebn32gqrfvsdd?pid=TOPEBN32XAZ62CTR,The Vanca Formal Full Sleeve Self Design Women's Top,"[""Clothing >> Women's Clothing >> Western Wear >> Shirts, Tops & Tunics >> Tops >> The Vanca Tops""]",TOPEBN32XAZ62CTR,1499,1049,,01-11-2022
http://www.flipkart.com/fantasy-ika-casual-short-sleeve-solid-women-s-top/p/itmeceg3fftvvszf?pid=TOPECEG3APNWUZWP,Fantasy Ika Casual Short Sleeve Solid Women's Top,"[""Clothing >> Women's Clothing >> Western Wear >> Shirts, Tops & Tunics >> Tops >> Fantasy Ika Tops""]",TOPECEG3APNWUZWP,950,449,,01-11-2022
http://www.flipkart.com/fantasy-ika-casual-3-4-sleeve-self-design-women-s-top/p/itmecba9vwdfegv6?pid=TOPECBAAP9HW5VMH,Fantasy Ika Casual 3/4 Sleeve Self Design Women's Top,"[""Clothing >> Women's Clothing >> Western Wear >> Shirts, Tops & Tunics >> Tops >> Fantasy Ika Tops""]",TOPECBAAP9HW5VMH,849,499,,01-11-2022
http://www.flipkart.com/ausy-casual-short-sleeve-floral-print-women-s-top/p/itmec8az27a8r6g2?pid=TOPEC8APK93YCFZZ,Ausy Casual Short Sleeve Floral Print Women's Top,"[""Clothing >> Women's Clothing >> Western Wear >> Shirts, Tops & Tunics >> Tops >> Ausy Tops""]",TOPEC8APK93YCFZZ,999,367,,01-11-2022
http://www.flipkart.com/ausy-casual-short-sleeve-printed-women-s-top/p/itmec8anhsygxz3s?pid=TOPEC8ANUJ92WJYZ,Ausy Casual Short Sleeve Printed Women's Top,"[""Clothing >> Women's Clothing >> Western Wear >> Shirts, Tops & Tunics >> Tops >> Ausy Tops""]",TOPEC8ANUJ92WJYZ,999,367,,01-11-2022
http://www.flipkart.com/karatcraft-triniya-promise-gold-diamond-18-k-ring/p/itme7t8fegkapukv?pid=RNGE864HPZG96WNH,Karatcraft Triniya Promise Gold Diamond 18 K Ring,"[""Jewellery >> Rings""]",RNGE864HPZG96WNH,47822,32973,,01-11-2022
http://www.flipkart.com/wearyourshine-pcj-joe-gold-diamond-18-k-ring/p/itme9gwpuff9dgfe?pid=RNGE9GWPJH9MMNWX,WearYourShine by PCJ The Joe Gold Diamond 18 K Ring,"[""Jewellery >> Rings""]",RNGE9GWPJH9MMNWX,29366,29366,,01-11-2022
http://www.flipkart.com/shilpkala-casual-short-sleeve-printed-women-s-top/p/itme954fhhpnga7g?pid=TOPE954FJHYUHWDY,Shilpkala Casual Short Sleeve Printed Women's Top,"[""Clothing >> Women's Clothing >> Western Wear >> Shirts, Tops & Tunics >> Tops >> Shilpkala Tops""]",TOPE954FJHYUHWDY,999,999,,01-11-2022
http://www.flipkart.com/shilpkala-casual-sleeveless-solid-women-s-top/p/itme954fk48nxqmd?pid=TOPE954FWJHG3WDZ,Shilpkala Casual Sleeveless Solid Women's Top,"[""Clothing >> Women's Clothing >> Western Wear >> Shirts, Tops & Tunics >> Tops >> Shilpkala Tops""]",TOPE954FWJHG3WDZ,699,699,,01-11-2022
http://www.flipkart.com/shilpkala-casual-cape-sleeve-printed-women-s-top/p/itme954fpqazg5cg?pid=TOPE954FF9KJSZZN,Shilpkala Casual Cape Sleeve Printed Women's Top,"[""Clothing >> Women's Clothing >> Western Wear >> Shirts, Tops & Tunics >> Tops >> Shilpkala Tops""]",TOPE954FF9KJSZZN,799,799,,01-11-2022
http://www.flipkart.com/shilpkala-casual-bell-sleeve-printed-women-s-top/p/itme8dprctuph2tg?pid=TOPE8DPRTAKVHKRW,Shilpkala Casual Bell Sleeve Printed Women's Top,"[""Clothing >> Women's Clothing >> Western Wear >> Shirts, Tops & Tunics >> Tops >> Shilpkala Tops""]",TOPE8DPRTAKVHKRW,799,799,,01-11-2022
http://www.flipkart.com/shilpkala-casual-sleeveless-printed-women-s-top/p/itme954f4mzrsmyj?pid=TOPE954FERN5VZYH,Shilpkala Casual Sleeveless Printed Women's Top,"[""Clothing >> Women's Clothing >> Western Wear >> Shirts, Tops & Tunics >> Tops >> Shilpkala Tops""]",TOPE954FERN5VZYH,999,999,,01-11-2022
http://www.flipkart.com/shilpkala-casual-sleeveless-embellished-women-s-top/p/itme8dprknhbbb4v?pid=TOPE8DPRAU6DCFKN,Shilpkala Casual Sleeveless Embellished Women's Top,"[""Clothing >> Women's Clothing >> Western Wear >> Shirts, Tops & Tunics >> Tops >> Shilpkala Tops""]",TOPE8DPRAU6DCFKN,899,899,,01-11-2022
http://www.flipkart.com/shilpkala-casual-short-sleeve-printed-women-s-top/p/itme954fyqjdagfp?pid=TOPE954FNTYZQVFZ,Shilpkala Casual Short Sleeve Printed Women's Top,"[""Clothing >> Women's Clothing >> Western Wear >> Shirts, Tops & Tunics >> Tops >> Shilpkala Tops""]",TOPE954FNTYZQVFZ,999,999,,01-11-2022
http://www.flipkart.com/shilpkala-casual-sleeveless-printed-women-s-top/p/itme954fqujgvzkg?pid=TOPE954FHVFSGAQF,Shilpkala Casual Sleeveless Printed Women's Top,"[""Clothing >> Women's Clothing >> Western Wear >> Shirts, Tops & Tunics >> Tops >> Shilpkala Tops""]",TOPE954FHVFSGAQF,699,699,,01-11-2022
http://www.flipkart.com/shilpkala-casual-sleeveless-printed-women-s-top/p/itme954f6kq36wzc?pid=TOPE954FVTRCRXUN,Shilpkala Casual Sleeveless Printed Women's Top,"[""Clothing >> Women's Clothing >> Western Wear >> Shirts, Tops & Tunics >> Tops >> Shilpkala Tops""]",TOPE954FVTRCRXUN,999,999,,01-11-2022
http://www.flipkart.com/shilpkala-casual-sleeveless-printed-women-s-top/p/itme954fdab3j3hy?pid=TOPE954F2MKDZFTF,Shilpkala Casual Sleeveless Printed Women's Top,"[""Clothing >> Women's Clothing >> Western Wear >> Shirts, Tops & Tunics >> Tops >> Shilpkala Tops""]",TOPE954F2MKDZFTF,999,999,,01-11-2022
http://www.flipkart.com/shilpkala-casual-bell-sleeve-printed-women-s-top/p/itme8dpretfzg26u?pid=TOPE8DPRGZBFCGFG,Shilpkala Casual Bell Sleeve Printed Women's Top,"[""Clothing >> Women's Clothing >> Western Wear >> Shirts, Tops & Tunics >> Tops >> Shilpkala Tops""]",TOPE8DPRGZBFCGFG,799,799,,01-11-2022
http://www.flipkart.com/shilpkala-casual-sleeveless-printed-women-s-top/p/itme8dprghthkcuc?pid=TOPE8DPRUWZRK9WM,Shilpkala Casual Sleeveless Printed Women's Top,"[""Clothing >> Women's Clothing >> Western Wear >> Shirts, Tops & Tunics >> Tops >> Shilpkala Tops""]",TOPE8DPRUWZRK9WM,699,699,,01-11-2022
http://www.flipkart.com/shilpkala-casual-sleeveless-printed-women-s-top/p/itme8dpr5wnjfsw2?pid=TOPE8DPRZK96BY25,Shilpkala Casual Sleeveless Printed Women's Top,"[""Clothing >> Women's Clothing >> Western Wear >> Shirts, Tops & Tunics >> Tops >> Shilpkala Tops""]",TOPE8DPRZK96BY25,599,599,,01-11-2022
http://www.flipkart.com/shilpkala-casual-sleeveless-self-design-women-s-top/p/itme8dpr9amhdwva?pid=TOPE8DPRCZ3PC3RM,Shilpkala Casual Sleeveless Self Design Women's Top,"[""Clothing >> Women's Clothing >> Western Wear >> Shirts, Tops & Tunics >> Tops >> Shilpkala Tops""]",TOPE8DPRCZ3PC3RM,599,599,,01-11-2022
http://www.flipkart.com/bluestone-juliette-yellow-gold-diamond-18-k-ring/p/itmea9zxeezyhney?pid=RNGEA9ZXDDFHAVMZ,BlueStone The Juliette Yellow Gold Diamond 18 K Ring,"[""Jewellery >> Rings""]",RNGEA9ZXDDFHAVMZ,29348,22644,,01-11-2022
http://www.flipkart.com/karatcraft-om-gold-diamond-18-k-ring/p/itme87fc6gadwq3q?pid=RNGE87FCHF9VVZPN,Karatcraft Om Gold Diamond 18 K Ring,"[""Jewellery >> Rings""]",RNGE87FCHF9VVZPN,42068,35056,,01-11-2022
http://www.flipkart.com/karatcraft-dulce-gold-diamond-18-k-ring/p/itme7t8fzmppdufg?pid=RNGE864HSZNYXZCG,Karatcraft Dulce Gold Diamond 18 K Ring,"[""Jewellery >> Rings""]",RNGE864HSZNYXZCG,40267,27223,,01-11-2022
http://www.flipkart.com/soie-casual-festive-formal-lounge-wear-party-sleeveless-embellished-solid-women-s-top/p/itme8vya38ebcnnz?pid=TOPE8VYAKS4VQAN8,"Soie Casual, Festive, Formal, Lounge Wear, Party Sleeveless Embellished, Solid Women's Top","[""Clothing >> Women's Clothing >> Western Wear >> Shirts, Tops & Tunics >> Tops >> Soie Tops""]",TOPE8VYAKS4VQAN8,1390,695,,01-11-2022
http://www.flipkart.com/aaliya-casual-sleeveless-embellished-women-s-top/p/itme7dnyyfkbzqek?pid=TOPE7DNYTYVKXH8X,Aaliya Casual Sleeveless Embellished Women's Top,"[""Clothing >> Women's Clothing >> Western Wear >> Shirts, Tops & Tunics >> Tops >> Aaliya Tops""]",TOPE7DNYTYVKXH8X,2000,1500,,01-11-2022
http://www.flipkart.com/karatcraft-robini-emerald-gold-diamond-18-k-ring/p/itme88fqhhgcegh9?pid=RNGE88FQ5SDTSFY7,Karatcraft Robini Emerald Gold Diamond 18 K Ring,"[""Jewellery >> Rings""]",RNGE88FQ5SDTSFY7,43481,36234,,01-11-2022
http://www.flipkart.com/499-casual-festive-formal-lounge-wear-party-sleeveless-embellished-women-s-top/p/itme7fr6hnh4hbhq?pid=TOPE7FR6ZHSKHFQZ,"@499 Casual, Festive, Formal, Lounge Wear, Party Sleeveless Embellished Women's Top","[""Clothing >> Women's Clothing >> Western Wear >> Shirts, Tops & Tunics >> Tops >> @499 Tops""]",TOPE7FR6ZHSKHFQZ,698,342,,01-11-2022
http://www.flipkart.com/karatcraft-om-gold-diamond-18-k-ring/p/itme87fc6gadwq3q?pid=RNGE87FCDWVPDTKV,Karatcraft Om Gold Diamond 18 K Ring,"[""Jewellery >> Rings""]",RNGE87FCDWVPDTKV,44247,36872,,01-11-2022
http://www.flipkart.com/lee-mark-men-s-solid-formal-shirt/p/itmeeewgur4fzwds?pid=SHTEEEWGVFRE79AH,Lee Mark Men's Solid Formal Shirt,"[""Clothing >> Men's Clothing >> Shirts >> Formal Shirts >> Lee Mark Formal Shirts""]",SHTEEEWGVFRE79AH,1699,599,,01-11-2022
http://www.flipkart.com/kairaa-lounge-wear-sleeveless-embellished-women-s-top/p/itmecjfatfu3zhzy?pid=TOPECJFAHFF9PB94,Kairaa Lounge Wear Sleeveless Embellished Women's Top,"[""Clothing >> Women's Clothing >> Western Wear >> Shirts, Tops & Tunics >> Tops >> Kairaa Tops""]",TOPECJFAHFF9PB94,710,710,,01-11-2022
http://www.flipkart.com/soie-casual-sleeveless-solid-women-s-top/p/itmebhja2acfemgh?pid=TOPEBHJAN6UCMYVK,Soie Casual Sleeveless Solid Women's Top,"[""Clothing >> Women's Clothing >> Western Wear >> Shirts, Tops & Tunics >> Tops >> Soie Tops""]",TOPEBHJAN6UCMYVK,1089,545,,01-11-2022
http://www.flipkart.com/hichkii-casual-cape-sleeve-embroidered-women-s-top/p/itmebtgctdgz9hzf?pid=TOPEBTGCPSWPYGRM,Hichkii Casual Cape Sleeve Embroidered Women's Top,"[""Clothing >> Women's Clothing >> Western Wear >> Shirts, Tops & Tunics >> Tops >> Hichkii Tops""]",TOPEBTGCPSWPYGRM,799,499,,01-11-2022
http://www.flipkart.com/soie-casual-festive-formal-lounge-wear-party-sleeveless-solid-women-s-top/p/itme8vyayd8zpz4u?pid=TOPE8VYAVY9ESVJ6,"Soie Casual, Festive, Formal, Lounge Wear, Party Sleeveless Solid Women's Top","[""Clothing >> Women's Clothing >> Western Wear >> Shirts, Tops & Tunics >> Tops >> Soie Tops""]",TOPE8VYAVY9ESVJ6,1419,710,,01-11-2022
http://www.flipkart.com/clara-certified-katela-8-3-cts-9-25-ratti-zoya-sterling-silver-amethyst-ring/p/itmefp2xxbvfryfr?pid=RNGEFP2XPJWMGMSB,Clara Certified Katela 8.3 cts or 9.25 ratti Zoya Sterling Silver Amethyst Ring,"[""Jewellery >> Rings""]",RNGEFP2XPJWMGMSB,6160,2760,,01-11-2022
http://www.flipkart.com/clara-certified-katela-6-5-cts-7-25-ratti-elegant-sterling-silver-amethyst-ring/p/itmefp2x5zf7zzmg?pid=RNGEFP2XDHURBWYP,Clara Certified Katela 6.5 cts or 7.25 ratti Elegant Sterling Silver Amethyst Ring,"[""Jewellery >> Rings""]",RNGEFP2XDHURBWYP,5270,2360,,01-11-2022
http://www.flipkart.com/clara-certified-katela-3-9-cts-4-25-ratti-stunning-sterling-silver-amethyst-ring/p/itmefp2xqsddywuj?pid=RNGEFP2XSXGXBTPX,Clara Certified Katela 3.9 cts or 4.25 ratti Stunning Sterling Silver Amethyst Ring,"[""Jewellery >> Rings""]",RNGEFP2XSXGXBTPX,4210,1880,,01-11-2022
http://www.flipkart.com/species-striped-round-neck-women-s-sweater/p/itmeeyffhch6ewug?pid=SWTEEYFFFRWGKZR5,SPECIES Striped Round Neck Women's Sweater,"[""Clothing >> Women's Clothing >> Winter & Seasonal Wear >> Sweaters & Pullovers >> SPECIES Sweaters & Pullovers""]",SWTEEYFFFRWGKZR5,1699,1019,,01-11-2022
http://www.flipkart.com/clara-certified-katela-6-5-cts-7-25-ratti-4-prongs-sterling-silver-amethyst-ring/p/itmefp2xxhes6guu?pid=RNGEFP2X2PRDAQPZ,Clara Certified Katela 6.5 cts or 7.25 ratti 4 Prongs Sterling Silver Amethyst Ring,"[""Jewellery >> Rings""]",RNGEFP2X2PRDAQPZ,5270,2360,,01-11-2022
http://www.flipkart.com/clara-certified-katela-5-5-cts-6-25-ratti-elegant-sterling-silver-amethyst-ring/p/itmefp2xksgcxsuj?pid=RNGEFP2XFY8XDFCE,Clara Certified Katela 5.5 cts or 6.25 ratti Elegant Sterling Silver Amethyst Ring,"[""Jewellery >> Rings""]",RNGEFP2XFY8XDFCE,4750,2130,,01-11-2022
http://www.flipkart.com/clara-certified-katela-3-cts-3-25-ratti-4-prongs-sterling-silver-amethyst-ring/p/itmefp2xquzgwvtx?pid=RNGEFP2XZSFFAGGV,Clara Certified Katela 3 cts or 3.25 ratti 4 Prongs Sterling Silver Amethyst Ring,"[""Jewellery >> Rings""]",RNGEFP2XZSFFAGGV,3530,1570,,01-11-2022
http://www.flipkart.com/bluestone-princess-gold-diamond-18-k-ring/p/itmdq5ghn8dyj2zy?pid=RNGDQ5GGSFNHNANZ,BlueStone The Princess Gold Diamond 18 K Ring,"[""Jewellery >> Rings""]",RNGDQ5GGSFNHNANZ,35415,26984,,01-11-2022
http://www.flipkart.com/varanga-casual-short-sleeve-printed-women-s-top/p/itmec8arhrt6kxzu?pid=TOPEC8AR9XBZHQGH,Varanga Casual Short Sleeve Printed Women's Top,"[""Clothing >> Women's Clothing >> Western Wear >> Shirts, Tops & Tunics >> Tops >> Varanga Tops""]",TOPEC8AR9XBZHQGH,1199,299,,01-11-2022
http://www.flipkart.com/varanga-casual-short-sleeve-printed-women-s-top/p/itmecrumubrp74hp?pid=TOPECRUNJTYYJBDN,Varanga Casual Short Sleeve Printed Women's Top,"[""Clothing >> Women's Clothing >> Western Wear >> Shirts, Tops & Tunics >> Tops >> Varanga Tops""]",TOPECRUNJTYYJBDN,1199,479,,01-11-2022
http://www.flipkart.com/orous-casual-3-4-sleeve-printed-women-s-top/p/itme7t4y5qgg8nbu?pid=TOPE7T4YMXRK5BVG,Orous Casual 3/4 Sleeve Printed Women's Top,"[""Clothing >> Women's Clothing >> Western Wear >> Shirts, Tops & Tunics >> Tops >> Orous Tops""]",TOPE7T4YMXRK5BVG,2400,480,,01-11-2022
http://www.flipkart.com/lovelady-wedding-lingerie-set/p/itmeave2yngx5qfb?pid=LINEAVE2XKZNANN3,Lovelady Wedding Lingerie Set,"[""Clothing >> Women's Clothing >> Lingerie, Sleep & Swimwear >> Lingerie Sets >> Lovelady Lingerie Sets""]",LINEAVE2XKZNANN3,895,725,,01-11-2022
http://www.flipkart.com/nishtaa-yellow-gold-cubic-zirconia-22-k-ring/p/itmdvvybfbfupsbx?pid=RNGDVVYB6RGSAWRZ,Nishtaa Yellow Gold Cubic Zirconia 22 K Ring,"[""Jewellery >> Rings""]",RNGDVVYB6RGSAWRZ,11820,11229,,01-11-2022
http://www.flipkart.com/jaune-women-s-sheath-dress/p/itmedn3ayzgg32dq?pid=DREEDN3AH7TSH3R8,Jaune Women's Sheath Dress,"[""Clothing >> Women's Clothing >> Western Wear >> Dresses & Skirts >> Dresses >> Jaune Dresses""]",DREEDN3AH7TSH3R8,2899,1499,,01-11-2022
http://www.flipkart.com/living-world-home-stop-solid-wood-display-unit/p/itmeac6syxng3yma?pid=DSUEAC6SFWFUDRPB,Living World by Home Stop Solid Wood Display Unit,"[""Furniture >> Living Room >> Display Units""]",DSUEAC6SFWFUDRPB,5499,5499,,01-11-2022
http://www.flipkart.com/status-quo-men-s-solid-casual-shirt/p/itme62wfuujdvvsn?pid=SHTE62WFHSE7YFHS,Status Quo Men's Solid Casual Shirt,"[""Clothing >> Men's Clothing >> Shirts >> Casual & Party Wear Shirts >> Status Quo Casual & Party Wear Shirts""]",SHTE62WFHSE7YFHS,1699,849,,01-11-2022
http://www.flipkart.com/asian-gems-jewels-6-25-ratti-5-dhaatu-sterling-silver-metal-alloy-cat-s-eye-na-k-ring/p/itmebpu7x2crhhhv?pid=RNGEBPU7PG8W88TV,"Asian Gems & Jewels 6.25 Ratti 5 Dhaatu Sterling Silver, Metal, Alloy Cat's Eye NA K Ring","[""Jewellery >> Rings""]",RNGEBPU7PG8W88TV,1656,828,,01-11-2022
http://www.flipkart.com/asian-gems-jewels-5-dhaatu-metal-alloy-zircon-ring/p/itme7w8ts4fz5mse?pid=RNGE7W8T7MYQQEFR,"Asian Gems & Jewels 5 Dhaatu Metal, Alloy Zircon Ring","[""Jewellery >> Rings""]",RNGE7W8T7MYQQEFR,3030,757,,01-11-2022
http://www.flipkart.com/sarva-casual-party-sleeveless-self-design-printed-women-s-top/p/itmecfn94e2jds3h?pid=TOPECFN9VXARJU8P,"Sarva Casual, Party Sleeveless Self Design, Printed Women's Top","[""Clothing >> Women's Clothing >> Western Wear >> Shirts, Tops & Tunics >> Tops >> Sarva Tops""]",TOPECFN9VXARJU8P,2325,775,,01-11-2022
http://www.flipkart.com/sarva-party-casual-sleeveless-self-design-women-s-top/p/itmecgfuzhnn4m3f?pid=TOPECGFUVZHKUFNN,"Sarva Party, Casual Sleeveless Self Design Women's Top","[""Clothing >> Women's Clothing >> Western Wear >> Shirts, Tops & Tunics >> Tops >> Sarva Tops""]",TOPECGFUVZHKUFNN,2550,850,,01-11-2022
http://www.flipkart.com/prettypataka-party-full-sleeve-woven-women-s-top/p/itme9rcy7vgkykbf?pid=TOPE9RCYS54YZNFG,PrettyPataka Party Full Sleeve Woven Women's Top,"[""Clothing >> Women's Clothing >> Western Wear >> Shirts, Tops & Tunics >> Tops >> PrettyPataka Tops""]",TOPE9RCYS54YZNFG,2500,899,,01-11-2022
http://www.flipkart.com/sarva-party-formal-casual-sleeveless-embellished-women-s-top/p/itmecwg8ky5ekfbr?pid=TOPECWG8VERZQNGA,"Sarva Party, Formal, Casual Sleeveless Embellished Women's Top","[""Clothing >> Women's Clothing >> Western Wear >> Shirts, Tops & Tunics >> Tops >> Sarva Tops""]",TOPECWG8VERZQNGA,2700,899,,01-11-2022
http://www.flipkart.com/tenn-casual-party-sleeveless-floral-print-women-s-top/p/itmedm577fvcbjm9?pid=TOPEDM57CZDENHEG,"Tenn Casual, Party Sleeveless Floral Print Women's Top","[""Clothing >> Women's Clothing >> Western Wear >> Shirts, Tops & Tunics >> Tops >> Tenn Tops""]",TOPEDM57CZDENHEG,2000,699,,01-11-2022
http://www.flipkart.com/maggie-party-sleeveless-floral-print-women-s-top/p/itmeccmnza3fzbxy?pid=TOPECCMNG24UGAHX,Maggie Party Sleeveless Floral Print Women's Top,"[""Clothing >> Women's Clothing >> Western Wear >> Shirts, Tops & Tunics >> Tops >> Maggie Tops""]",TOPECCMNG24UGAHX,1999,599,,01-11-2022
http://www.flipkart.com/retaaz-casual-party-festive-sleeveless-floral-print-women-s-top/p/itmedyhyq2yxpufu?pid=TOPEDYHYGWZS3YM6,"Retaaz Casual, Party, Festive Sleeveless Floral Print Women's Top","[""Clothing >> Women's Clothing >> Western Wear >> Shirts, Tops & Tunics >> Tops >> Retaaz Tops""]",TOPEDYHYGWZS3YM6,2999,829,,01-11-2022
http://www.flipkart.com/retaaz-casual-party-festive-sleeveless-floral-print-women-s-top/p/itmedyhy9mry4etr?pid=TOPEDYHYEY5JAKCY,"Retaaz Casual, Party, Festive Sleeveless Floral Print Women's Top","[""Clothing >> Women's Clothing >> Western Wear >> Shirts, Tops & Tunics >> Tops >> Retaaz Tops""]",TOPEDYHYEY5JAKCY,2999,829,,01-11-2022
http://www.flipkart.com/bostan-running-shoes/p/itmecehrzvzvtryz?pid=SHOECEHRSPNUVTHH,Bostan Running Shoes,"[""Footwear >> Kids' & Infant Footwear >> For Boys >> Sports Shoes""]",SHOECEHRSPNUVTHH,499,499,,01-11-2022
http://www.flipkart.com/urban-fashion-bank-casual-party-festive-lounge-wear-sleeveless-embellished-women-s-top/p/itme9yrgtky79dcs?pid=TOPEBNGP7UKPXDJD,"Urban Fashion Bank Casual, Party, Festive, Lounge Wear Sleeveless Embellished Women's Top","[""Clothing >> Women's Clothing >> Western Wear >> Shirts, Tops & Tunics >> Tops >> Urban Fashion Bank Tops""]",TOPEBNGP7UKPXDJD,600,365,,01-11-2022
http://www.flipkart.com/wowww-casual-short-sleeve-solid-women-s-top/p/itmecxkndanvmhby?pid=TOPECXKMNE823KRG,Wowww Casual Short Sleeve Solid Women's Top,"[""Clothing >> Women's Clothing >> Western Wear >> Shirts, Tops & Tunics >> Tops >> Wowww  Tops""]",TOPECXKMNE823KRG,1500,850,,01-11-2022
http://www.flipkart.com/urban-fashion-bank-casual-party-festive-lounge-wear-sleeveless-printed-women-s-top/p/itmedhatvnsjx7ue?pid=TOPEDHATHJRHTNMP,"Urban Fashion Bank Casual, Party, Festive, Lounge Wear Sleeveless Printed Women's Top","[""Clothing >> Women's Clothing >> Western Wear >> Shirts, Tops & Tunics >> Tops >> Urban Fashion Bank Tops""]",TOPEDHATHJRHTNMP,1500,450,,01-11-2022
http://www.flipkart.com/urban-fashion-bank-casual-3-4-sleeve-solid-women-s-top/p/itmebrygv58nhh3z?pid=TOPEBRYGRZFGPMHP,Urban Fashion Bank Casual 3/4 Sleeve Solid Women's Top,"[""Clothing >> Women's Clothing >> Western Wear >> Shirts, Tops & Tunics >> Tops >> Urban Fashion Bank Tops""]",TOPEBRYGRZFGPMHP,700,355,,01-11-2022
http://www.flipkart.com/hangover-solid-round-neck-women-s-sweater/p/itmedp5sjnyykkhh?pid=SWTEDP6QUEYGXGDG,Hangover Solid Round Neck Women's Sweater,"[""Clothing >> Women's Clothing >> Winter & Seasonal Wear >> Sweaters & Pullovers >> Hangover Sweaters & Pullovers""]",SWTEDP6QUEYGXGDG,1599,499,,01-11-2022
http://www.flipkart.com/elson-self-design-v-neck-women-s-sweater/p/itmedmx4fxkhahf9?pid=SWTEDMX4BW4KYHZS,Elson Self Design V-neck Women's Sweater,"[""Clothing >> Women's Clothing >> Winter & Seasonal Wear >> Sweaters & Pullovers >> Elson Sweaters & Pullovers""]",SWTEDMX4BW4KYHZS,1595,1595,,01-11-2022
http://www.flipkart.com/wearyourshine-pcj-adriyel-gold-diamond-18-k-ring/p/itmecevyhguzqtjc?pid=RNGECEVYCZNGJBHY,WearYourShine by PCJ The Adriyel Gold Diamond 18 K Ring,"[""Jewellery >> Rings""]",RNGECEVYCZNGJBHY,28963,28963,,01-11-2022
http://www.flipkart.com/asian-gems-jewels-5-25-ratti-5-dhaatu-sterling-silver-metal-alloy-coral-ring/p/itmebpu6pf5uhvc9?pid=RNGEBPU67KZEYWAR,"Asian Gems & Jewels 5.25 Ratti 5 Dhaatu Sterling Silver, Metal, Alloy Coral Ring","[""Jewellery >> Rings""]",RNGEBPU67KZEYWAR,1743,872,,01-11-2022
http://www.flipkart.com/teemoods-casual-full-sleeve-striped-women-s-top/p/itme45nzrscwefyp?pid=TOPE45NZKEMCDZXX,TeeMoods Casual Full Sleeve Striped Women's Top,"[""Clothing >> Women's Clothing >> Western Wear >> Shirts, Tops & Tunics >> Tops >> TeeMoods Tops""]",TOPE45NZKEMCDZXX,999,899,,01-11-2022
http://www.flipkart.com/teemoods-casual-full-sleeve-striped-women-s-top/p/itme45nzgqmgxrpy?pid=TOPE45NZFFUDHKZR,TeeMoods Casual Full Sleeve Striped Women's Top,"[""Clothing >> Women's Clothing >> Western Wear >> Shirts, Tops & Tunics >> Tops >> TeeMoods Tops""]",TOPE45NZFFUDHKZR,999,899,,01-11-2022
http://www.flipkart.com/colbrii-casual-full-sleeve-printed-women-s-top/p/itme8y6tvpxnymnw?pid=TOPE8Y6THTGRDF9D,Colbrii Casual Full Sleeve Printed Women's Top,"[""Clothing >> Women's Clothing >> Western Wear >> Shirts, Tops & Tunics >> Tops >> Colbrii Tops""]",TOPE8Y6THTGRDF9D,1100,700,,01-11-2022
http://www.flipkart.com/kuberbox-ravishing-ring-white-gold-diamond-topaz-14k-14-k/p/itmecnh3bj5wg2bf?pid=RNGECNH3EGGBCQSQ,"KuberBox Ravishing Ring White Gold Diamond, Topaz 14K White Gold 14 K Ring","[""Jewellery >> Rings""]",RNGECNH3EGGBCQSQ,8538,8538,,01-11-2022
http://www.flipkart.com/my-addiction-casual-full-sleeve-embroidered-women-s-top/p/itme93ygkjpcapag?pid=TOPE93YGJJ5ADUKV,My Addiction Casual Full Sleeve Embroidered Women's Top,"[""Clothing >> Women's Clothing >> Western Wear >> Shirts, Tops & Tunics >> Tops >> My Addiction Tops""]",TOPE93YGJJ5ADUKV,1199,579,,01-11-2022
http://www.flipkart.com/sfds-casual-formal-party-full-sleeve-printed-women-s-top/p/itme97ajnh9sjzyd?pid=TOPE97AK3PDMAFKQ,"SFDS Casual, Formal, Party Full Sleeve Printed Women's Top","[""Clothing >> Women's Clothing >> Western Wear >> Shirts, Tops & Tunics >> Tops >> SFDS Tops""]",TOPE97AK3PDMAFKQ,2500,999,,01-11-2022
http://www.flipkart.com/membooz-casual-party-short-sleeve-self-design-women-s-top/p/itmee2ffehgksmxg?pid=TOPEE2FFAXQGSUZH,"Membooz Casual, Party Short Sleeve Self Design Women's Top","[""Clothing >> Women's Clothing >> Western Wear >> Shirts, Tops & Tunics >> Tops >> Membooz Tops""]",TOPEE2FFAXQGSUZH,1200,689,,01-11-2022
http://www.flipkart.com/sheezworld-casual-full-sleeve-self-design-women-s-top/p/itme36a7sxgypwhq?pid=TOPE36A748VYDDEX,Sheezworld Casual Full Sleeve Self Design Women's Top,"[""Clothing >> Women's Clothing >> Western Wear >> Shirts, Tops & Tunics >> Tops >> Sheezworld Tops""]",TOPE36A748VYDDEX,1295,1295,,01-11-2022
http://www.flipkart.com/karatcraft-wadell-gold-diamond-18-k-ring/p/itme7t8fdbd5zjz4?pid=RNGE864HQQUYJQHB,Karatcraft Wadell Gold Diamond 18 K Ring,"[""Jewellery >> Rings""]",RNGE864HQQUYJQHB,42321,28317,,01-11-2022
http://www.flipkart.com/karatcraft-twinoh-gold-diamond-18-k-ring/p/itme88frkk3au7n9?pid=RNGE88FQG4EH5K9X,Karatcraft Twinoh Gold Diamond 18 K Ring,"[""Jewellery >> Rings""]",RNGE88FQG4EH5K9X,32528,20672,,01-11-2022
http://www.flipkart.com/karatcraft-clariz-gold-diamond-18-k-ring/p/itme87fcaxfx58gf?pid=RNGE87FCFE8MKGZD,Karatcraft Clariz Gold Diamond 18 K Ring,"[""Jewellery >> Rings""]",RNGE87FCFE8MKGZD,32658,20727,,01-11-2022
http://www.flipkart.com/herberto-girl-s-a-line-dress/p/itme2y6dyvhvhmrt?pid=DREE2Y6DVEKVVQQS,Herberto Girl's A-line Dress,"[""Clothing >> Kids' Clothing >> Girls Wear >> Dresses & Skirts >> Dresses >> Herberto Dresses""]",DREE2Y6DVEKVVQQS,1699,971,,01-11-2022
http://www.flipkart.com/karatcraft-solitana-gold-diamond-18-k-ring/p/itme88q9qhe3spmr?pid=RNGE88Q9GVMYM6SF,Karatcraft Solitana Gold Diamond 18 K Ring,"[""Jewellery >> Rings""]",RNGE88Q9GVMYM6SF,30176,20749,,01-11-2022
http://www.flipkart.com/karatcraft-celebra-gold-diamond-18-k-ring/p/itme88q9dhuxjehu?pid=RNGE88Q94HF6SCCG,Karatcraft Celebra Gold Diamond 18 K Ring,"[""Jewellery >> Rings""]",RNGE88Q94HF6SCCG,32524,20586,,01-11-2022
http://www.flipkart.com/kids-board-girl-s-gathered-dress/p/itmebaq9wj9ygqvd?pid=DREEBAQ9YMYF2Y3N,Kids On Board Girl's Gathered Dress,"[""Clothing >> Kids' Clothing >> Girls Wear >> Dresses & Skirts >> Dresses >> Kids On Board Dresses""]",DREEBAQ9YMYF2Y3N,1499,699,,01-11-2022
http://www.flipkart.com/abhira-girl-s-a-line-dress/p/itmeab2fcfks9cvr?pid=DREEAB2FWGHYANVZ,ABHIRA Girl's A-line Dress,"[""Clothing >> Kids' Clothing >> Girls Wear >> Dresses & Skirts >> Dresses >> ABHIRA Dresses""]",DREEAB2FWGHYANVZ,1999,699,,01-11-2022
http://www.flipkart.com/herberto-girl-s-high-low-dress/p/itme3kkwfwvgqtst?pid=DREE3KKWWG8DBHHA,Herberto Girl's High Low Dress,"[""Clothing >> Kids' Clothing >> Girls Wear >> Dresses & Skirts >> Dresses >> Herberto Dresses""]",DREE3KKWWG8DBHHA,1899,1025,,01-11-2022
http://www.flipkart.com/herberto-girl-s-a-line-dress/p/itme3kkwxd7fc8uf?pid=DREE3KKWWM9FZD8U,Herberto Girl's A-line Dress,"[""Clothing >> Kids' Clothing >> Girls Wear >> Dresses & Skirts >> Dresses >> Herberto Dresses""]",DREE3KKWWM9FZD8U,1899,949,,01-11-2022
http://www.flipkart.com/fasense-women-s-nighty/p/itmeba9vfkzzjeft?pid=NDNEBA9V9FRP4HWZ,Fasense Women's Nighty,"[""Clothing >> Women's Clothing >> Lingerie, Sleep & Swimwear >> Night Dresses & Nighties >> Fasense Night Dresses & Nighties""]",NDNEBA9V9FRP4HWZ,1099,439,,01-11-2022
http://www.flipkart.com/megha-casual-short-sleeve-printed-women-s-top/p/itmebjbbkfybgc3s?pid=TOPEBJBB4TT4FWPD,Megha Casual Short Sleeve Printed Women's Top,"[""Clothing >> Women's Clothing >> Western Wear >> Shirts, Tops & Tunics >> Tops >> Megha Tops""]",TOPEBJBB4TT4FWPD,310,310,,01-11-2022
http://www.flipkart.com/karatcraft-duilla-ruby-gold-diamond-18-k-ring/p/itme87fc9mqsf4bn?pid=RNGE87FCBK6ZAZYZ,Karatcraft Duilla Ruby Gold Diamond 18 K Ring,"[""Jewellery >> Rings""]",RNGE87FCBK6ZAZYZ,49999,42262,,01-11-2022
http://www.flipkart.com/karatcraft-journa-gold-diamond-18-k-ring/p/itme88frhjzyxd6n?pid=RNGE88FRJEJZ5GSD,Karatcraft Journa Gold Diamond 18 K Ring,"[""Jewellery >> Rings""]",RNGE88FRJEJZ5GSD,45345,37787,,01-11-2022
http://www.flipkart.com/caratlane-fantasia-band-white-gold-diamond-18-k-ring/p/itme65fhprvhvh2g?pid=RNGE65FHHH3BDRDQ,CaratLane Fantasia Band White Gold Diamond 18 K Ring,"[""Jewellery >> Rings""]",RNGE65FHHH3BDRDQ,31033,31033,,01-11-2022
http://www.flipkart.com/karigaari-set-5-adivasi-doing-merry-trumpet-showpiece-30-cm/p/itme7s69nezjhhdw?pid=SHIE7S69NVNJTJ3E,Karigaari Set Of 5 Adivasi Doing Merry On Trumpet Showpiece  -  30 cm,"[""Home Decor & Festive Needs >> Showpieces >> Karigaari Showpieces""]",SHIE7S69NVNJTJ3E,4500,2050,,01-11-2022
http://www.flipkart.com/wearyourshine-pcj-sharman-gold-diamond-18-k-ring/p/itme9gwqvh3mtvcj?pid=RNGE9GWQJSAAFF48,WearYourShine by PCJ The Sharman Gold Diamond 18 K Ring,"[""Jewellery >> Rings""]",RNGE9GWQJSAAFF48,29292,29292,,01-11-2022
http://www.flipkart.com/sfds-casual-formal-party-short-sleeve-self-design-women-s-top/p/itmecmkvd7fbx9hq?pid=TOPECMKVPCH2ZZTY,"SFDS Casual, Formal, Party Short Sleeve Self Design Women's Top","[""Clothing >> Women's Clothing >> Western Wear >> Shirts, Tops & Tunics >> Tops >> SFDS Tops""]",TOPECMKVPCH2ZZTY,2599,899,,01-11-2022
http://www.flipkart.com/sfds-casual-formal-party-sleeveless-self-design-women-s-top/p/itmecmkv8ypnkntc?pid=TOPECMKVGDAFAUCV,"SFDS Casual, Formal, Party Sleeveless Self Design Women's Top","[""Clothing >> Women's Clothing >> Western Wear >> Shirts, Tops & Tunics >> Tops >> SFDS Tops""]",TOPECMKVGDAFAUCV,2299,899,,01-11-2022
http://www.flipkart.com/sfds-casual-formal-party-sleeveless-self-design-women-s-top/p/itmecpg5nttezz93?pid=TOPECPG5VWUDTZFY,"SFDS Casual, Formal, Party Sleeveless Self Design Women's Top","[""Clothing >> Women's Clothing >> Western Wear >> Shirts, Tops & Tunics >> Tops >> SFDS Tops""]",TOPECPG5VWUDTZFY,2299,849,,01-11-2022
http://www.flipkart.com/sfds-casual-formal-party-short-sleeve-self-design-women-s-top/p/itmecmkvgvjscgan?pid=TOPECMKVRZJKGAYZ,"SFDS Casual, Formal, Party Short Sleeve Self Design Women's Top","[""Clothing >> Women's Clothing >> Western Wear >> Shirts, Tops & Tunics >> Tops >> SFDS Tops""]",TOPECMKVRZJKGAYZ,2299,899,,01-11-2022
http://www.flipkart.com/sfds-casual-formal-party-sleeveless-self-design-women-s-top/p/itmecmkvhkjgmf8h?pid=TOPECMKVHVJSNBDC,"SFDS Casual, Formal, Party Sleeveless Self Design Women's Top","[""Clothing >> Women's Clothing >> Western Wear >> Shirts, Tops & Tunics >> Tops >> SFDS Tops""]",TOPECMKVHVJSNBDC,2299,899,,01-11-2022
http://www.flipkart.com/nishtaa-yellow-gold-22-k-ring/p/itmdwkzmq67euzk9?pid=RNGDWKZMMKGXBEB6,Nishtaa Yellow Gold 22 K Ring,"[""Jewellery >> Rings""]",RNGDWKZMMKGXBEB6,6740,6403,,01-11-2022
http://www.flipkart.com/sfds-casual-formal-party-sleeveless-self-design-women-s-top/p/itmecmkvsj9hyf2n?pid=TOPECMKVNSFHVMHF,"SFDS Casual, Formal, Party Sleeveless Self Design Women's Top","[""Clothing >> Women's Clothing >> Western Wear >> Shirts, Tops & Tunics >> Tops >> SFDS Tops""]",TOPECMKVNSFHVMHF,1999,799,,01-11-2022
http://www.flipkart.com/sfds-casual-formal-party-short-sleeve-self-design-women-s-top/p/itmecpg54wzxtyfn?pid=TOPECPG5FWV8FUQ5,"SFDS Casual, Formal, Party Short Sleeve Self Design Women's Top","[""Clothing >> Women's Clothing >> Western Wear >> Shirts, Tops & Tunics >> Tops >> SFDS Tops""]",TOPECPG5FWV8FUQ5,2299,999,,01-11-2022
http://www.flipkart.com/totta-pouch-sony-xperia-m5-dual/p/itmea9k5t2ue9hnz?pid=ACCEA9K5ZCDNRGXN,Totta Pouch for Sony Xperia M5 Dual,"[""Mobiles & Accessories >> Mobile Accessories >> Mobile Pouches >> Totta Mobile Pouches""]",ACCEA9K5ZCDNRGXN,799,399,,01-11-2022
http://www.flipkart.com/lee-mark-men-s-solid-formal-shirt/p/itmeeewgur4fzwds?pid=SHTEEEWGPKP9FGA3,Lee Mark Men's Solid Formal Shirt,"[""Clothing >> Men's Clothing >> Shirts >> Formal Shirts >> Lee Mark Formal Shirts""]",SHTEEEWGPKP9FGA3,1699,599,,01-11-2022
http://www.flipkart.com/kalakruti-k-jewellery-b-jewelry-box-makeup-vanity-multi-purpose/p/itmed79z8k9g4g2s?pid=VANED79Z5THRWD3K,"Kalakruti K Jewellery B Jewelry box, Makeup Vanity Multi Purpose","[""Beauty and Personal Care >> Makeup >> Vanity Boxes >> Kalakruti Vanity Boxes""]",VANED79Z5THRWD3K,600,480,,01-11-2022
http://www.flipkart.com/karatcraft-trilic-gold-diamond-18-k-ring/p/itme88frabbzv9a4?pid=RNGE88FRQJ9ZENJG,Karatcraft Trilic Gold Diamond 18 K Ring,"[""Jewellery >> Rings""]",RNGE88FRQJ9ZENJG,48596,30817,,01-11-2022
http://www.flipkart.com/karatcraft-wadell-gold-diamond-18-k-ring/p/itme88q9ausmacrz?pid=RNGE88Q9NXGU2ZYW,Karatcraft Wadell Gold Diamond 18 K Ring,"[""Jewellery >> Rings""]",RNGE88Q9NXGU2ZYW,44226,30741,,01-11-2022
http://www.flipkart.com/yna-aviator-sunglasses/p/itme7zk8agsh4fac?pid=SGLE7ZK8SAHENQNJ,YNA Aviator Sunglasses,"[""Sunglasses""]",SGLE7ZK8SAHENQNJ,1199,299,,01-11-2022
http://www.flipkart.com/ditu-kritu-warrior-aviator-sunglasses/p/itmeabfpgdjbgfmq?pid=SGLEABFPHFPFTNBE,Ditu&Kritu Warrior Aviator Sunglasses,"[""Sunglasses""]",SGLEABFPHFPFTNBE,999,399,,01-11-2022
http://www.flipkart.com/american-crew-solid-women-s-track-pants/p/itmecmhbctgnyvag?pid=TKPECMHB4F3FGXHZ,American Crew Solid Women's Track Pants,"[""Clothing >> Women's Clothing >> Sports & Gym Wear >> Track Pants >> American Crew Track Pants""]",TKPECMHB4F3FGXHZ,799,760,,01-11-2022
http://www.flipkart.com/allen-solly-girl-s-gathered-dress/p/itmeczjbff9uyrdr?pid=DREECZJEGFFEWCW4,Allen Solly Girl's Gathered Dress,"[""Clothing >> Kids' Clothing >> Girls Wear >> Dresses & Skirts >> Dresses >> Allen Solly Dresses""]",DREECZJEGFFEWCW4,1599,1119,,01-11-2022
http://www.flipkart.com/abr-casual-shoes/p/itmee9hfw3wcehg9?pid=SHOEE9HFJWS5BG8P,Abr Casual Shoes,"[""Footwear >> Women's Footwear >> Casual Shoes""]",SHOEE9HFJWS5BG8P,499,449,,01-11-2022
http://www.flipkart.com/allen-solly-girl-s-a-line-dress/p/itmeczjczkyzxqfs?pid=DREECZJC3XBKGDZT,Allen Solly Girl's A-line Dress,"[""Clothing >> Kids' Clothing >> Girls Wear >> Dresses & Skirts >> Dresses >> Allen Solly Dresses""]",DREECZJC3XBKGDZT,1999,1399,,01-11-2022
http://www.flipkart.com/allen-solly-girl-s-gathered-dress/p/itmeczjchtkgghab?pid=DREECZJEPZNGBSFZ,Allen Solly Girl's Gathered Dress,"[""Clothing >> Kids' Clothing >> Girls Wear >> Dresses & Skirts >> Dresses >> Allen Solly Dresses""]",DREECZJEPZNGBSFZ,1699,1189,,01-11-2022
http://www.flipkart.com/allen-solly-girl-s-shift-dress/p/itmeczjchvnup2bz?pid=DREECZJBH8KGCZHT,Allen Solly Girl's Shift Dress,"[""Clothing >> Kids' Clothing >> Girls Wear >> Dresses & Skirts >> Dresses >> Allen Solly Dresses""]",DREECZJBH8KGCZHT,2099,1469,,01-11-2022
http://www.flipkart.com/petals-girl-s-gathered-dress/p/itmecsv9tepheefh?pid=DREECUDTWZ3HEYJC,Petals Girl's Gathered Dress,"[""Clothing >> Kids' Clothing >> Girls Wear >> Dresses & Skirts >> Dresses >> Petals Dresses""]",DREECUDTWZ3HEYJC,1685,1685,,01-11-2022
http://www.flipkart.com/allen-solly-girl-s-layered-dress/p/itmeczjc8dvmuggf?pid=DREECZJBZUXVDCGH,Allen Solly Girl's Layered Dress,"[""Clothing >> Kids' Clothing >> Girls Wear >> Dresses & Skirts >> Dresses >> Allen Solly Dresses""]",DREECZJBZUXVDCGH,1299,909,,01-11-2022
http://www.flipkart.com/karatcraft-donna-gold-diamond-18-k-ring/p/itme7t8fjsggrqbm?pid=RNGE864HHVXYHTCS,Karatcraft Donna Gold Diamond 18 K Ring,"[""Jewellery >> Rings""]",RNGE864HHVXYHTCS,49542,34110,,01-11-2022
http://www.flipkart.com/absurd-full-sleeve-solid-men-s-sweatshirt/p/itme55bvqhzbjb4n?pid=SWSE55BVG4GYJDSU,Absurd Full Sleeve Solid Men's Sweatshirt,"[""Clothing >> Men's Clothing >> Winter & Seasonal Wear >> Sweatshirts >> Absurd Sweatshirts""]",SWSE55BVG4GYJDSU,1375,1095,,01-11-2022
http://www.flipkart.com/escocer-women-s-leggings/p/itme9yjh6ycq8p62?pid=LJGE9YJHTJZCQ5VP,Escocer Women's Leggings,"[""Clothing >> Women's Clothing >> Western Wear >> Leggings & Jeggings >> Leggings & Jeggings >> Escocer Leggings & Jeggings""]",LJGE9YJHTJZCQ5VP,2394,788,,01-11-2022
http://www.flipkart.com/absurd-full-sleeve-solid-men-s-reversible-sweatshirt/p/itmea8fhetsrv6kv?pid=SWSEA8FHKGKZ8YFT,Absurd Full Sleeve Solid Men's Reversible Sweatshirt,"[""Clothing >> Men's Clothing >> Winter & Seasonal Wear >> Sweatshirts >> Absurd Sweatshirts""]",SWSEA8FHKGKZ8YFT,1799,1650,,01-11-2022
http://www.flipkart.com/absurd-full-sleeve-solid-men-s-sweatshirt/p/itme9ccksbdwtax4?pid=SWSE9CCKH7JFGGZH,Absurd Full Sleeve Solid Men's Sweatshirt,"[""Clothing >> Men's Clothing >> Winter & Seasonal Wear >> Sweatshirts >> Absurd Sweatshirts""]",SWSE9CCKH7JFGGZH,1395,1195,,01-11-2022
http://www.flipkart.com/selfcare-soft-comfortable-newly-launched-girl-s-top-pyjama-set/p/itmecxeqm7dux9qf?pid=TMLECXEQ9PJUZGTY,Selfcare Soft & Comfortable Newly Launched Girl's Top - Pyjama Set,"[""Clothing >> Kids' Clothing >> Girls Wear >> Winter & Seasonal Wear >> Thermals >> Selfcare Thermals""]",TMLECXEQ9PJUZGTY,699,319,,01-11-2022
http://www.flipkart.com/selfcare-soft-comfortable-newly-launched-girl-s-top-pyjama-set/p/itmecxeqrvjp263w?pid=TMLECXEQGAQXQKDG,Selfcare Soft & Comfortable Newly Launched Girl's Top - Pyjama Set,"[""Clothing >> Kids' Clothing >> Girls Wear >> Winter & Seasonal Wear >> Thermals >> Selfcare Thermals""]",TMLECXEQGAQXQKDG,699,319,,01-11-2022
http://www.flipkart.com/wearyourshine-pcj-melina-gold-diamond-18-k-ring/p/itme8z3kew2s8bq8?pid=RNGE8Z3KSHGCMSCP,WearYourShine by PCJ The Melina Gold Diamond 18 K Ring,"[""Jewellery >> Rings""]",RNGE8Z3KSHGCMSCP,23949,23949,,01-11-2022
http://www.flipkart.com/wearyourshine-pcj-radelle-diamond-gold-yellow-18-k-ring/p/itmeyfh6p8n3uujf?pid=RNGEYFH68YRGQUWT,WearYourShine by PCJ The Radelle Diamond Gold Diamond Yellow Gold 18 K Ring,"[""Jewellery >> Rings""]",RNGEYFH68YRGQUWT,31673,31673,,01-11-2022
http://www.flipkart.com/wearyourshine-pcj-helaine-gold-diamond-18-k-ring/p/itme8z3hkzpyy46p?pid=RNGE8Z3HSVHBMXCC,WearYourShine by PCJ The Helaine Gold Diamond 18 K Ring,"[""Jewellery >> Rings""]",RNGE8Z3HSVHBMXCC,31663,31663,,01-11-2022
http://www.flipkart.com/ozel-studio-casual-3-4-sleeve-solid-women-s-top/p/itmdwsevgcpjhthg?pid=TOPDWSEVDWZNKNCC,Ozel Studio Casual 3/4 Sleeve Solid Women's Top,"[""Clothing >> Women's Clothing >> Western Wear >> Shirts, Tops & Tunics >> Tops >> Ozel Studio Tops""]",TOPDWSEVDWZNKNCC,2400,1200,,01-11-2022
http://www.flipkart.com/ozel-studio-casual-sleeveless-solid-women-s-top/p/itmdxpkd7g23qzw3?pid=TOPDXPKDHFNGTBGU,Ozel Studio Casual Sleeveless Solid Women's Top,"[""Clothing >> Women's Clothing >> Western Wear >> Shirts, Tops & Tunics >> Tops >> Ozel Studio Tops""]",TOPDXPKDHFNGTBGU,1190,595,,01-11-2022
http://www.flipkart.com/shopaholic-casual-3-4-sleeve-solid-women-s-top/p/itmed5hsda49ak3r?pid=TOPED5HSCQGYGWPQ,Shopaholic Casual 3/4 Sleeve Solid Women's Top,"[""Clothing >> Women's Clothing >> Western Wear >> Shirts, Tops & Tunics >> Tops >> Shopaholic Tops""]",TOPED5HSCQGYGWPQ,1299,499,,01-11-2022
http://www.flipkart.com/fashion-flow-women-s-leggings/p/itmedtgphzz7nmcg?pid=LJGEDTGP6EVWQAJW,Fashion Flow+ Women's Leggings,"[""Clothing >> Women's Clothing >> Western Wear >> Leggings & Jeggings >> Leggings & Jeggings >> Fashion Flow+ Leggings & Jeggings""]",LJGEDTGP6EVWQAJW,1199,499,,01-11-2022
http://www.flipkart.com/ozel-studio-casual-short-sleeve-solid-women-s-top/p/itmdwsewdvp2vugm?pid=TOPDWSEWETZNNQEY,Ozel Studio Casual Short Sleeve Solid Women's Top,"[""Clothing >> Women's Clothing >> Western Wear >> Shirts, Tops & Tunics >> Tops >> Ozel Studio Tops""]",TOPDWSEWETZNNQEY,4000,2000,,01-11-2022
http://www.flipkart.com/ozel-studio-casual-full-sleeve-solid-women-s-top/p/itmebyyzzbs5duzy?pid=TOPEBYYZXYUQUHS4,Ozel Studio Casual Full Sleeve Solid Women's Top,"[""Clothing >> Women's Clothing >> Western Wear >> Shirts, Tops & Tunics >> Tops >> Ozel Studio Tops""]",TOPEBYYZXYUQUHS4,1450,1050,,01-11-2022
http://www.flipkart.com/shilpi-casual-cape-sleeve-solid-women-s-top/p/itmeagzffbykxfyf?pid=TOPEAGZFA63MGRWF,Shilpi Casual Cape Sleeve Solid Women's Top,"[""Clothing >> Women's Clothing >> Western Wear >> Shirts, Tops & Tunics >> Tops >> Shilpi Tops""]",TOPEAGZFA63MGRWF,499,359,,01-11-2022
http://www.flipkart.com/yepme-casual-short-sleeve-solid-women-s-top/p/itmdw8fnttwytfw9?pid=TOPDW8FNHZGB4XAM,Yepme Casual Short Sleeve Solid Women's Top,"[""Clothing >> Women's Clothing >> Western Wear >> Shirts, Tops & Tunics >> Tops >> Yepme Tops""]",TOPDW8FNHZGB4XAM,999,399,,01-11-2022
http://www.flipkart.com/ozel-studio-casual-sleeveless-solid-women-s-top/p/itmdwsevpefucfz2?pid=TOPDWSEVWXVQ4GXU,Ozel Studio Casual Sleeveless Solid Women's Top,"[""Clothing >> Women's Clothing >> Western Wear >> Shirts, Tops & Tunics >> Tops >> Ozel Studio Tops""]",TOPDWSEVWXVQ4GXU,999,999,,01-11-2022
http://www.flipkart.com/ozel-studio-casual-full-sleeve-solid-women-s-top/p/itmebyyzy9qnfeds?pid=TOPEBYYZ6SKGHDRY,Ozel Studio Casual Full Sleeve Solid Women's Top,"[""Clothing >> Women's Clothing >> Western Wear >> Shirts, Tops & Tunics >> Tops >> Ozel Studio Tops""]",TOPEBYYZ6SKGHDRY,1450,1015,,01-11-2022
http://www.flipkart.com/caratlane-swish-ray-white-gold-diamond-18-k-ring/p/itme65fgfvngzbp9?pid=RNGE65FGK2TMUC2A,CaratLane Swish Ray White Gold Diamond 18 K Ring,"[""Jewellery >> Rings""]",RNGE65FGK2TMUC2A,31062,31062,,01-11-2022
http://www.flipkart.com/wearyourshine-pcj-maryse-diamond-gold-yellow-18-k-ring/p/itmeyfh6kwggkmzp?pid=RNGEYFH7JHGMKRK4,WearYourShine by PCJ The Maryse Diamond Gold Diamond Yellow Gold 18 K Ring,"[""Jewellery >> Rings""]",RNGEYFH7JHGMKRK4,20717,20717,,01-11-2022
http://www.flipkart.com/claude-lorrain-black-casuals-shoes/p/itme37ctmaac2kz9?pid=SHOE37CTDYFKDJBH,Claude Lorrain Black Casuals Shoes,"[""Footwear >> Women's Footwear >> Casual Shoes""]",SHOE37CTDYFKDJBH,2750,1299,,01-11-2022
http://www.flipkart.com/steppings-running-shoes-casuals/p/itmebg6znr8nbwth?pid=SHOEBG6ZUGTSDGBU,Steppings Running Shoes Casuals Shoes,"[""Footwear >> Women's Footwear >> Casual Shoes""]",SHOEBG6ZUGTSDGBU,3699,2589,,01-11-2022
http://www.flipkart.com/steppings-wedges-casuals-shoes/p/itmebg6zpgubnxr4?pid=SHOEBG6ZRCKHXNXE,Steppings Wedges Casuals Shoes,"[""Footwear >> Women's Footwear >> Casual Shoes""]",SHOEBG6ZRCKHXNXE,3299,2309,,01-11-2022
http://www.flipkart.com/steppings-running-shoes-casuals/p/itmebg6zzgx3gyfz?pid=SHOEBG6ZDGSSUTHP,Steppings Running Shoes Casuals Shoes,"[""Footwear >> Women's Footwear >> Casual Shoes""]",SHOEBG6ZDGSSUTHP,2999,2099,,01-11-2022
http://www.flipkart.com/bonzer-bellies/p/itmedp8ugzgzvzxx?pid=SHOEDP8UGDTCBGDR,Bonzer Bellies,"[""Footwear >> Women's Footwear >> Ballerinas""]",SHOEDP8UGDTCBGDR,699,399,,01-11-2022
http://www.flipkart.com/araanz-tribhovandas-bhimji-zaveri-delhi-gold-diamond-18k-yellow-18-k-ring/p/itmecu4yxzt5fvwq?pid=RNGECU4YGGXVGRMH,Araanz by Tribhovandas Bhimji Zaveri Delhi Gold Diamond 18K Yellow Gold 18 K Ring,"[""Jewellery >> Rings""]",RNGECU4YGGXVGRMH,15720,12576,,01-11-2022
http://www.flipkart.com/nishtaa-yellow-gold-22-k-ring/p/itmdwkzmdgv5f2q2?pid=RNGDWKZMGSZJCGD3,Nishtaa Yellow Gold 22 K Ring,"[""Jewellery >> Rings""]",RNGDWKZMGSZJCGD3,11880,11286,,01-11-2022
http://www.flipkart.com/nishtaa-yellow-gold-22-k-ring/p/itmdwkzmjgywgdee?pid=RNGDWKZMKNTUBPSF,Nishtaa Yellow Gold 22 K Ring,"[""Jewellery >> Rings""]",RNGDWKZMKNTUBPSF,8700,8265,,01-11-2022
http://www.flipkart.com/gritstones-solid-women-s-track-pants/p/itmds6zeuzrjnbzh?pid=TKPDS6ZEWAR6GTAF,Gritstones Solid Women's Track Pants,"[""Clothing >> Women's Clothing >> Sports & Gym Wear >> Track Pants >> Gritstones Track Pants""]",TKPDS6ZEWAR6GTAF,599,499,,01-11-2022
http://www.flipkart.com/gritstones-solid-women-s-track-pants/p/itmds6zecsjhvqhm?pid=TKPDS6ZEWH4KF3SJ,Gritstones Solid Women's Track Pants,"[""Clothing >> Women's Clothing >> Sports & Gym Wear >> Track Pants >> Gritstones Track Pants""]",TKPDS6ZEWH4KF3SJ,599,499,,01-11-2022
http://www.flipkart.com/gritstones-solid-women-s-track-pants/p/itmds6zeecnvhyjr?pid=TKPDS6ZEQCGBRX9V,Gritstones Solid Women's Track Pants,"[""Clothing >> Women's Clothing >> Sports & Gym Wear >> Track Pants >> Gritstones Track Pants""]",TKPDS6ZEQCGBRX9V,599,499,,01-11-2022
http://www.flipkart.com/gritstones-solid-women-s-track-pants/p/itmds6ze3arbeqvh?pid=TKPDS6ZEQBRWSM8U,Gritstones Solid Women's Track Pants,"[""Clothing >> Women's Clothing >> Sports & Gym Wear >> Track Pants >> Gritstones Track Pants""]",TKPDS6ZEQBRWSM8U,599,499,,01-11-2022
http://www.flipkart.com/tapyti-casual-sleeveless-solid-women-s-top/p/itmefdxscfettwyj?pid=TOPEFDXSHZPHCUAU,Tapyti Casual Sleeveless Solid Women's Top,"[""Clothing >> Women's Clothing >> Western Wear >> Shirts, Tops & Tunics >> Tops >> Tapyti Tops""]",TOPEFDXSHZPHCUAU,795,398,,01-11-2022
http://www.flipkart.com/tapyti-casual-short-sleeve-solid-women-s-top/p/itmeyy5yanunkyzg?pid=TOPEYY5YQGGRWGGZ,Tapyti Casual Short Sleeve Solid Women's Top,"[""Clothing >> Women's Clothing >> Western Wear >> Shirts, Tops & Tunics >> Tops >> Tapyti Tops""]",TOPEYY5YQGGRWGGZ,1135,681,,01-11-2022
http://www.flipkart.com/tapyti-casual-short-sleeve-solid-women-s-top/p/itmeyy5yexgec6q4?pid=TOPEYY5YSGHYDCKG,Tapyti Casual Short Sleeve Solid Women's Top,"[""Clothing >> Women's Clothing >> Western Wear >> Shirts, Tops & Tunics >> Tops >> Tapyti Tops""]",TOPEYY5YSGHYDCKG,1135,681,,01-11-2022
http://www.flipkart.com/tapyti-casual-3-4-sleeve-solid-women-s-top/p/itmefdxsguhzguuz?pid=TOPEFDXSAHRNPF94,Tapyti Casual 3/4 Sleeve Solid Women's Top,"[""Clothing >> Women's Clothing >> Western Wear >> Shirts, Tops & Tunics >> Tops >> Tapyti Tops""]",TOPEFDXSAHRNPF94,845,610,,01-11-2022
http://www.flipkart.com/tapyti-casual-sleeveless-solid-women-s-top/p/itmefgg8dhqyyqbm?pid=TOPEFGG8FEQUZSMS,Tapyti Casual Sleeveless Solid Women's Top,"[""Clothing >> Women's Clothing >> Western Wear >> Shirts, Tops & Tunics >> Tops >> Tapyti Tops""]",TOPEFGG8FEQUZSMS,875,440,,01-11-2022
http://www.flipkart.com/united-colors-benetton-solid-round-neck-casual-women-s-sweater/p/itmeczmbaf8zcghh?pid=SWTECZMBCGGFKGFK,United Colors of Benetton Solid Round Neck Casual Women's Sweater,"[""Clothing >> Women's Clothing >> Winter & Seasonal Wear >> Sweaters & Pullovers >> United Colors of Benetton Sweaters & Pullovers""]",SWTECZMBCGGFKGFK,2099,1364,,01-11-2022
http://www.flipkart.com/bonzer-bellies/p/itmedp7zetd5sza2?pid=SHOEDP7ZGYFKGWNH,Bonzer Bellies,"[""Footwear >> Women's Footwear >> Ballerinas""]",SHOEDP7ZGYFKGWNH,999,499,,01-11-2022
http://www.flipkart.com/bonzer-bellies/p/itmedp7zhcgvdhzj?pid=SHOEDP7ZVGDYRAYQ,Bonzer Bellies,"[""Footwear >> Women's Footwear >> Ballerinas""]",SHOEDP7ZVGDYRAYQ,999,499,,01-11-2022
http://www.flipkart.com/bluestone-twin-wingflow-yellow-gold-diamond-18-k-ring/p/itmea9zxanzuwkgh?pid=RNGEA9ZXS7UKNRGE,BlueStone The Twin Wingflow Yellow Gold Diamond 18 K Ring,"[""Jewellery >> Rings""]",RNGEA9ZXS7UKNRGE,13010,13010,,01-11-2022
http://www.flipkart.com/allen-solly-girl-s-shift-dress/p/itmecqhypheqj8zs?pid=DREECZKUTDQYXTZS,Allen Solly Girl's Shift Dress,"[""Clothing >> Kids' Clothing >> Girls Wear >> Dresses & Skirts >> Dresses >> Allen Solly Dresses""]",DREECZKUTDQYXTZS,1499,1049,,01-11-2022
http://www.flipkart.com/allen-solly-girl-s-gathered-dress/p/itmeazc7ppz3rxhb?pid=DREEAZC7YYQWTH3U,Allen Solly Girl's Gathered Dress,"[""Clothing >> Kids' Clothing >> Girls Wear >> Dresses & Skirts >> Dresses >> Allen Solly Dresses""]",DREEAZC7YYQWTH3U,1399,979,,01-11-2022
http://www.flipkart.com/ozel-studio-casual-full-sleeve-printed-women-s-top/p/itme4vr559gav8fv?pid=TOPE4VR5DXAHVAG8,Ozel Studio Casual Full Sleeve Printed Women's Top,"[""Clothing >> Women's Clothing >> Western Wear >> Shirts, Tops & Tunics >> Tops >> Ozel Studio Tops""]",TOPE4VR5DXAHVAG8,985,591,,01-11-2022
http://www.flipkart.com/ozel-studio-casual-full-sleeve-solid-women-s-top/p/itme4vr5pzz2bhha?pid=TOPE4VR5MVHFCMHZ,Ozel Studio Casual Full Sleeve Solid Women's Top,"[""Clothing >> Women's Clothing >> Western Wear >> Shirts, Tops & Tunics >> Tops >> Ozel Studio Tops""]",TOPE4VR5MVHFCMHZ,1425,855,,01-11-2022
http://www.flipkart.com/ozel-studio-casual-sleeveless-printed-women-s-top/p/itmeyv38zzabg9pf?pid=TOPEYV38KYVJKM54,Ozel Studio Casual Sleeveless Printed Women's Top,"[""Clothing >> Women's Clothing >> Western Wear >> Shirts, Tops & Tunics >> Tops >> Ozel Studio Tops""]",TOPEYV38KYVJKM54,1290,645,,01-11-2022
http://www.flipkart.com/gee-bee-casual-printed-women-s-kurti/p/itmebfrqbywzqzxz?pid=KRTEBFRQVB9NCSSH,Gee & Bee Casual Printed Women's Kurti,"[""Clothing >> Women's Clothing >> Ethnic Wear >> Kurtas & Kurtis >> Kurtis >> Gee & Bee Kurtis""]",KRTEBFRQVB9NCSSH,2164,649,,01-11-2022
http://www.flipkart.com/wearyourshine-pcj-skyrah-gold-diamond-18-k-ring/p/itme8z3ka2nxs5wu?pid=RNGE8Z3KSNKWHEER,WearYourShine by PCJ The Skyrah Gold Diamond 18 K Ring,"[""Jewellery >> Rings""]",RNGE8Z3KSNKWHEER,10213,10213,,01-11-2022
http://www.flipkart.com/wearyourshine-pcj-dawnetta-gold-diamond-18-k-ring/p/itmebwzu6uzhdcuc?pid=RNGEBWZUTZFZHBWN,WearYourShine by PCJ The Dawnetta Gold Diamond 18 K Ring,"[""Jewellery >> Rings""]",RNGEBWZUTZFZHBWN,10227,10227,,01-11-2022
http://www.flipkart.com/teemoods-casual-full-sleeve-striped-women-s-top/p/itme45nzskg4eyw9?pid=TOPEEERRHHZCK8TV,TeeMoods Casual Full Sleeve Striped Women's Top,"[""Clothing >> Women's Clothing >> Western Wear >> Shirts, Tops & Tunics >> Tops >> TeeMoods Tops""]",TOPEEERRHHZCK8TV,1399,699,,01-11-2022
http://www.flipkart.com/teemoods-casual-full-sleeve-striped-women-s-top/p/itme45npvhyrdrqz?pid=TOPEEERRF5MT5GHW,TeeMoods Casual Full Sleeve Striped Women's Top,"[""Clothing >> Women's Clothing >> Western Wear >> Shirts, Tops & Tunics >> Tops >> TeeMoods Tops""]",TOPEEERRF5MT5GHW,1399,699,,01-11-2022
http://www.flipkart.com/teemoods-casual-full-sleeve-striped-women-s-top/p/itme45npge7zqtsf?pid=TOPEEERRTBB77BXA,TeeMoods Casual Full Sleeve Striped Women's Top,"[""Clothing >> Women's Clothing >> Western Wear >> Shirts, Tops & Tunics >> Tops >> TeeMoods Tops""]",TOPEEERRTBB77BXA,1399,699,,01-11-2022
http://www.flipkart.com/teemoods-casual-full-sleeve-striped-women-s-top/p/itme45nzf2hwvzmd?pid=TOPEEEPVZPGF9GCJ,TeeMoods Casual Full Sleeve Striped Women's Top,"[""Clothing >> Women's Clothing >> Western Wear >> Shirts, Tops & Tunics >> Tops >> TeeMoods Tops""]",TOPEEEPVZPGF9GCJ,1399,699,,01-11-2022
http://www.flipkart.com/teemoods-casual-full-sleeve-striped-women-s-top/p/itme45nz22hm55et?pid=TOPEEEPVGBBUCHFH,TeeMoods Casual Full Sleeve Striped Women's Top,"[""Clothing >> Women's Clothing >> Western Wear >> Shirts, Tops & Tunics >> Tops >> TeeMoods Tops""]",TOPEEEPVGBBUCHFH,1399,699,,01-11-2022
http://www.flipkart.com/teemoods-casual-full-sleeve-striped-women-s-top/p/itme45nzavmfa47h?pid=TOPEEEPV4GFFSHJG,TeeMoods Casual Full Sleeve Striped Women's Top,"[""Clothing >> Women's Clothing >> Western Wear >> Shirts, Tops & Tunics >> Tops >> TeeMoods Tops""]",TOPEEEPV4GFFSHJG,1399,699,,01-11-2022
http://www.flipkart.com/teemoods-casual-full-sleeve-striped-women-s-top/p/itme45nzpdfaeqsn?pid=TOPEEEPVYHHF9HGW,TeeMoods Casual Full Sleeve Striped Women's Top,"[""Clothing >> Women's Clothing >> Western Wear >> Shirts, Tops & Tunics >> Tops >> TeeMoods Tops""]",TOPEEEPVYHHF9HGW,1399,699,,01-11-2022
http://www.flipkart.com/teemoods-casual-full-sleeve-striped-women-s-top/p/itme45nzsf7aung8?pid=TOPEEEPVFEVFP99H,TeeMoods Casual Full Sleeve Striped Women's Top,"[""Clothing >> Women's Clothing >> Western Wear >> Shirts, Tops & Tunics >> Tops >> TeeMoods Tops""]",TOPEEEPVFEVFP99H,1399,699,,01-11-2022
http://www.flipkart.com/clove-casual-3-4-sleeve-striped-women-s-top/p/itmeegkdbfvdtjks?pid=TOPEBMJJHHRNHMEA,The Clove Casual 3/4 Sleeve Striped Women's Top,"[""Clothing >> Women's Clothing >> Western Wear >> Shirts, Tops & Tunics >> Tops >> The Clove Tops""]",TOPEBMJJHHRNHMEA,1499,699,,01-11-2022
http://www.flipkart.com/nun-casual-full-sleeve-striped-women-s-top/p/itme7s4kvpvxyzt7?pid=TOPE7S4KHZK2MSDC,Nun Casual Full Sleeve Striped Women's Top,"[""Clothing >> Women's Clothing >> Western Wear >> Shirts, Tops & Tunics >> Tops >> Nun Tops""]",TOPE7S4KHZK2MSDC,1195,585,,01-11-2022
http://www.flipkart.com/moda-vastra-casual-3-4-sleeve-graphic-print-women-s-top/p/itme8h5dmpz9mgug?pid=TOPE8H5DNYNZHGU6,Moda Vastra Casual 3/4 Sleeve Graphic Print Women's Top,"[""Clothing >> Women's Clothing >> Western Wear >> Shirts, Tops & Tunics >> Tops >> Moda Vastra Tops""]",TOPE8H5DNYNZHGU6,1799,899,,01-11-2022
http://www.flipkart.com/nishtaa-yellow-gold-22-k-ring/p/itmdwkzn4sft7tew?pid=RNGDWKZNWESHKECP,Nishtaa Yellow Gold 22 K Ring,"[""Jewellery >> Rings""]",RNGDWKZNWESHKECP,7180,6821,,01-11-2022
http://www.flipkart.com/cation-casual-3-4-sleeve-solid-women-s-top/p/itmeffngf6qcztyz?pid=TOPEFFNGY3ZWSEJG,Cation Casual 3/4 Sleeve Solid Women's Top,"[""Clothing >> Women's Clothing >> Western Wear >> Shirts, Tops & Tunics >> Tops >> Cation Tops""]",TOPEFFNGY3ZWSEJG,899,899,,01-11-2022
http://www.flipkart.com/cation-casual-short-sleeve-solid-women-s-top/p/itmebwgfvh6kuedd?pid=TOPEBWGETHGUGJPB,Cation Casual Short Sleeve Solid Women's Top,"[""Clothing >> Women's Clothing >> Western Wear >> Shirts, Tops & Tunics >> Tops >> Cation Tops""]",TOPEBWGETHGUGJPB,1099,600,,01-11-2022
http://www.flipkart.com/cation-casual-3-4-sleeve-solid-women-s-top/p/itme8zafaf4heu5e?pid=TOPE8ZAFEYMHKCW8,Cation Casual 3/4 Sleeve Solid Women's Top,"[""Clothing >> Women's Clothing >> Western Wear >> Shirts, Tops & Tunics >> Tops >> Cation Tops""]",TOPE8ZAFEYMHKCW8,2800,849,,01-11-2022
http://www.flipkart.com/nishtaa-yellow-gold-22-k-ring/p/itmdwkzhewvbhw4z?pid=RNGDWKZHDVFQTDYV,Nishtaa Yellow Gold 22 K Ring,"[""Jewellery >> Rings""]",RNGDWKZHDVFQTDYV,7810,7420,,01-11-2022
http://www.flipkart.com/cation-casual-short-sleeve-3-4-sleeve-solid-women-s-top/p/itme8zafnjhf4fk8?pid=TOPE8ZAF4NMCGHR3,"Cation Casual Short Sleeve, 3/4 Sleeve Solid Women's Top","[""Clothing >> Women's Clothing >> Western Wear >> Shirts, Tops & Tunics >> Tops >> Cation Tops""]",TOPE8ZAF4NMCGHR3,2600,899,,01-11-2022
http://www.flipkart.com/shopaholic-casual-3-4-sleeve-solid-women-s-top/p/itmed5hsbbkervzw?pid=TOPED5HSV3ZQA6NR,Shopaholic Casual 3/4 Sleeve Solid Women's Top,"[""Clothing >> Women's Clothing >> Western Wear >> Shirts, Tops & Tunics >> Tops >> Shopaholic Tops""]",TOPED5HSV3ZQA6NR,1299,499,,01-11-2022
http://www.flipkart.com/fundoo-t-full-sleeve-solid-men-s-sweatshirt/p/itmebhcqbxhsz76y?pid=SWSEBHCPTESRGGGR,Fundoo T Full Sleeve Solid Men's Sweatshirt,"[""Clothing >> Men's Clothing >> Winter & Seasonal Wear >> Sweatshirts >> Fundoo T Sweatshirts""]",SWSEBHCPTESRGGGR,1998,749,,01-11-2022
http://www.flipkart.com/cation-casual-3-4-sleeve-printed-women-s-top/p/itmebxxa5rsa34fk?pid=TOPEBXXACS9EWGK3,Cation Casual 3/4 Sleeve Printed Women's Top,"[""Clothing >> Women's Clothing >> Western Wear >> Shirts, Tops & Tunics >> Tops >> Cation Tops""]",TOPEBXXACS9EWGK3,1099,750,,01-11-2022
http://www.flipkart.com/fundoo-t-full-sleeve-solid-men-s-sweatshirt/p/itmebhcqu8wfgecz?pid=SWSEBHCP5YSCUU2S,Fundoo T Full Sleeve Solid Men's Sweatshirt,"[""Clothing >> Men's Clothing >> Winter & Seasonal Wear >> Sweatshirts >> Fundoo T Sweatshirts""]",SWSEBHCP5YSCUU2S,1998,749,,01-11-2022
http://www.flipkart.com/goddess-women-casual-3-4-sleeve-solid-women-s-top/p/itme3ys5xfeb9a7h?pid=TOPE3YS5CWHKTAHS,Goddess Women Casual 3/4 Sleeve Solid Women's Top,"[""Clothing >> Women's Clothing >> Western Wear >> Shirts, Tops & Tunics >> Tops >> Goddess Women Tops""]",TOPE3YS5CWHKTAHS,1199,719,,01-11-2022
http://www.flipkart.com/bownbee-girl-s-gathered-dress/p/itmee9zqhcnwdjbj?pid=DREEE9ZR9THTGUGY,BownBee Girl's Gathered Dress,"[""Clothing >> Kids' Clothing >> Girls Wear >> Dresses & Skirts >> Dresses >> BownBee Dresses""]",DREEE9ZR9THTGUGY,999,799,,01-11-2022
http://www.flipkart.com/fundoo-t-full-sleeve-solid-men-s-sweatshirt/p/itmebhcpdsqznhme?pid=SWSEBHCPAKWKRDPR,Fundoo T Full Sleeve Solid Men's Sweatshirt,"[""Clothing >> Men's Clothing >> Winter & Seasonal Wear >> Sweatshirts >> Fundoo T Sweatshirts""]",SWSEBHCPAKWKRDPR,1998,749,,01-11-2022
http://www.flipkart.com/herberto-girl-s-a-line-dress/p/itme2y6dduh8dpkh?pid=DREE2Y6DCFHNHFBK,Herberto Girl's A-line Dress,"[""Clothing >> Kids' Clothing >> Girls Wear >> Dresses & Skirts >> Dresses >> Herberto Dresses""]",DREE2Y6DCFHNHFBK,1699,849,,01-11-2022
http://www.flipkart.com/fundoo-t-full-sleeve-solid-men-s-sweatshirt/p/itmebhcqnx6pc2pr?pid=SWSEBHCPZGHMBKJY,Fundoo T Full Sleeve Solid Men's Sweatshirt,"[""Clothing >> Men's Clothing >> Winter & Seasonal Wear >> Sweatshirts >> Fundoo T Sweatshirts""]",SWSEBHCPZGHMBKJY,1998,749,,01-11-2022
http://www.flipkart.com/herberto-girl-s-a-line-dress/p/itme8mf7nrd37qnc?pid=DREE8MF7EUYUBNND,Herberto Girl's A-line Dress,"[""Clothing >> Kids' Clothing >> Girls Wear >> Dresses & Skirts >> Dresses >> Herberto Dresses""]",DREE8MF7EUYUBNND,2999,1499,,01-11-2022
http://www.flipkart.com/fundoo-t-full-sleeve-solid-men-s-sweatshirt/p/itmebhcpmncnqw7s?pid=SWSEBHCPHKWEUAAG,Fundoo T Full Sleeve Solid Men's Sweatshirt,"[""Clothing >> Men's Clothing >> Winter & Seasonal Wear >> Sweatshirts >> Fundoo T Sweatshirts""]",SWSEBHCPHKWEUAAG,1998,749,,01-11-2022
http://www.flipkart.com/herberto-girl-s-high-low-dress/p/itme3kkwvnsu9yzx?pid=DREE3KKW8HYZJHZY,Herberto Girl's High Low Dress,"[""Clothing >> Kids' Clothing >> Girls Wear >> Dresses & Skirts >> Dresses >> Herberto Dresses""]",DREE3KKW8HYZJHZY,1899,1025,,01-11-2022
http://www.flipkart.com/fundoo-t-full-sleeve-solid-men-s-sweatshirt/p/itmebhcpyej2g5a2?pid=SWSEBHCP9JC4GQKT,Fundoo T Full Sleeve Solid Men's Sweatshirt,"[""Clothing >> Men's Clothing >> Winter & Seasonal Wear >> Sweatshirts >> Fundoo T Sweatshirts""]",SWSEBHCP9JC4GQKT,1998,749,,01-11-2022
http://www.flipkart.com/herberto-girl-s-a-line-dress/p/itmdvf2wquauscyt?pid=DREDVF2W9PTRAEHK,Herberto Girl's A-line Dress,"[""Clothing >> Kids' Clothing >> Girls Wear >> Dresses & Skirts >> Herberto Dresses & Skirts""]",DREDVF2W9PTRAEHK,1599,649,,01-11-2022
http://www.flipkart.com/herberto-girl-s-a-line-dress/p/itme8mf7ndeyns6q?pid=DREE8MF7XE97CPW7,Herberto Girl's A-line Dress,"[""Clothing >> Kids' Clothing >> Girls Wear >> Dresses & Skirts >> Dresses >> Herberto Dresses""]",DREE8MF7XE97CPW7,2999,1619,,01-11-2022
http://www.flipkart.com/jewels-jaipur-gold-ruby-yellow-14-k-ring/p/itmeb2pg9mqaubux?pid=RNGEB2PGDCAQPBVJ,Jewels Of Jaipur Gold Ruby Yellow Gold 14 K Ring,"[""Jewellery >> Rings""]",RNGEB2PGDCAQPBVJ,11076,9414,,01-11-2022
http://www.flipkart.com/jewels-jaipur-gold-ruby-yellow-14-k-ring/p/itmeb2pgqrza87ab?pid=RNGEB2PG3Q5RKDW6,Jewels Of Jaipur Gold Ruby Yellow Gold 14 K Ring,"[""Jewellery >> Rings""]",RNGEB2PG3Q5RKDW6,11587,9848,,01-11-2022
http://www.flipkart.com/bluestone-ziva-yellow-gold-diamond-emerald-18-k-ring/p/itmea9zvcntxpnfd?pid=RNGEA9ZVXZGZGDG4,"BlueStone The Ziva Yellow Gold Diamond, Emerald 18 K Ring","[""Jewellery >> Rings""]",RNGEA9ZVXZGZGDG4,31300,28313,,01-11-2022
http://www.flipkart.com/united-colors-benetton-striped-round-neck-casual-women-s-sweater/p/itmeczmbrz7m5bx3?pid=SWTECZMBGZPVRTQS,United Colors of Benetton Striped Round Neck Casual Women's Sweater,"[""Clothing >> Women's Clothing >> Winter & Seasonal Wear >> Sweaters & Pullovers >> United Colors of Benetton Sweaters & Pullovers""]",SWTECZMBGZPVRTQS,2499,1624,,01-11-2022
http://www.flipkart.com/united-colors-benetton-solid-round-neck-casual-women-s-sweater/p/itmecxphwj6wzy5m?pid=SWTECXPHFVTHWJF7,United Colors of Benetton Solid Round Neck Casual Women's Sweater,"[""Clothing >> Women's Clothing >> Winter & Seasonal Wear >> Sweaters & Pullovers >> United Colors of Benetton Sweaters & Pullovers""]",SWTECXPHFVTHWJF7,2499,1624,,01-11-2022
http://www.flipkart.com/tapyti-casual-full-sleeve-solid-women-s-top/p/itme3nvyffwcvnk3?pid=TOPE3NVYHZNAEPHA,Tapyti Casual Full Sleeve Solid Women's Top,"[""Clothing >> Women's Clothing >> Western Wear >> Shirts, Tops & Tunics >> Tops >> Tapyti Tops""]",TOPE3NVYHZNAEPHA,845,420,,01-11-2022
http://www.flipkart.com/only-party-short-sleeve-solid-women-s-top/p/itmebabfzvp38pgh?pid=TOPEBABFMZ2GSC2G,Only Party Short Sleeve Solid Women's Top,"[""Clothing >> Women's Clothing >> Western Wear >> Shirts, Tops & Tunics >> Tops >> Only Tops""]",TOPEBABFMZ2GSC2G,1495,1495,,01-11-2022
http://www.flipkart.com/elisabetta-bartolli-party-short-sleeve-solid-women-s-top/p/itme4qk4u2a4dfbg?pid=TOPE4QK44FNX6PY5,Elisabetta Bartolli Party Short Sleeve Solid Women's Top,"[""Clothing >> Women's Clothing >> Western Wear >> Shirts, Tops & Tunics >> Tops >> Elisabetta Bartolli Tops""]",TOPE4QK44FNX6PY5,2095,2095,,01-11-2022
http://www.flipkart.com/tapyti-casual-short-sleeve-solid-women-s-top/p/itmeyy5yfahudkz4?pid=TOPEYY5YK3WEGGXX,Tapyti Casual Short Sleeve Solid Women's Top,"[""Clothing >> Women's Clothing >> Western Wear >> Shirts, Tops & Tunics >> Tops >> Tapyti Tops""]",TOPEYY5YK3WEGGXX,815,408,,01-11-2022
http://www.flipkart.com/msl-women-flats/p/itmednfgzku2qezh?pid=SNDEDNFG7ZNRNAGM,MSL Women Flats,"[""Footwear >> Women's Footwear >> Flats""]",SNDEDNFG7ZNRNAGM,499,499,,01-11-2022
