http://www.flipkart.com/kanu-book-cover-hp-slate-7/p/itme8xzm8fkngdt7?pid=ACCE8XZM3YGBZ6BZ,Kanu Book Cover for HP Slate 7,"[""Mobiles & Accessories >> Tablet Accessories >> Cases & Covers >> Kanu Cases & Covers""]",ACCE8XZM3YGBZ6BZ,1299,599,,01-11-2022
http://www.flipkart.com/karatcraft-simple-flower-yellow-gold-diamond-18-k-ring/p/itme7m92hqx5uxxz?pid=RNGE7M92PZ8ZNMHZ,Karatcraft Simple Flower Yellow Gold Diamond 18 K Ring,"[""Jewellery >> Rings""]",RNGE7M92PZ8ZNMHZ,24067,18056,,01-11-2022
http://www.flipkart.com/bestway-1-47m-x-1-22m-play-sun-shade-inflatable-play-pool/p/itmeeanzcn4fsd3v?pid=IFPEEANZ88AYFQJJ,Bestway 1.47m x 1.47m x 1.22m/Play With Sun Shade Inflatable Play Pool,"[""Baby Care >> Furniture & Furnishings >> Inflatable Products >> Bestway Inflatable Products""]",IFPEEANZ88AYFQJJ,2999,2499,,01-11-2022
http://www.flipkart.com/instyles-back-cover-htc-one-s/p/itme6crfxmjbe3m3?pid=ACCE6CRF92JBR2HT,Instyles Back Cover for HTC One S,"[""Mobiles & Accessories >> Tablet Accessories >> Cases & Covers >> Instyles Cases & Covers""]",ACCE6CRF92JBR2HT,1299,594,,01-11-2022
http://www.flipkart.com/fashiondrobe-shoulder-bag/p/itmee965grdb7uhx?pid=HMBEE965MNXMUSFY,Fashiondrobe Shoulder Bag,"[""Bags, Wallets & Belts >> Bags >> Hand Bags >> Fashiondrobe Hand Bags""]",HMBEE965MNXMUSFY,575,175,,01-11-2022
http://www.flipkart.com/radiant-bay-pear-flair-yellow-gold-diamond-14-k-ring/p/itmedapfhz2yyfjy?pid=RNGEDAPFZE2K4KSD,Radiant Bay Pear Flair Yellow Gold Diamond 14 K Ring,"[""Jewellery >> Rings""]",RNGEDAPFZE2K4KSD,28909,23127,,01-11-2022
http://www.flipkart.com/digimac-1-compartments-plastic-pen-stand/p/itmechx3bnvzvtt5?pid=DKOECHX3YEHGYMMM,Digimac 1 Compartments Plastic Pen Stand,"[""Pens & Stationery >> Office Supplies >> Desk Organizers >> Digimac Desk Organizers""]",DKOECHX3YEHGYMMM,400,246,,01-11-2022
http://www.flipkart.com/kapa-flip-cover-apple-ipad-air/p/itme4nr3qnbszzwu?pid=ACCE4NR3ZTDM2UZX,Kapa Flip Cover for Apple iPad Air,"[""Mobiles & Accessories >> Tablet Accessories >> Cases & Covers >> Kapa Cases & Covers""]",ACCE4NR3ZTDM2UZX,1990,890,,01-11-2022
http://www.flipkart.com/radiant-bay-ribbon-ripples-yellow-gold-diamond-14-k-ring/p/itmedakd43p2zhyu?pid=RNGEDAKEHNG9HGSH,Radiant Bay Ribbon Ripples Yellow Gold Diamond 14 K Ring,"[""Jewellery >> Rings""]",RNGEDAKEHNG9HGSH,30593,24474,,01-11-2022
http://www.flipkart.com/artisan-creation-checkered-single-quilts-comforters-brown/p/itmeeh2znrafneev?pid=BLAEEH2ZJ3G9DA7G,Artisan Creation Checkered Single Quilts & Comforters Brown,"[""Home Furnishing >> Bed Linen >> Blankets, Quilts & Dohars""]",BLAEEH2ZJ3G9DA7G,2100,745,,01-11-2022
http://www.flipkart.com/karatcraft-stellina-yellow-gold-diamond-18-k-ring/p/itme7m92nhfjfpm5?pid=RNGE7M92FZVK8YWH,Karatcraft Stellina Yellow Gold Diamond 18 K Ring,"[""Jewellery >> Rings""]",RNGE7M92FZVK8YWH,25157,18166,,01-11-2022
http://www.flipkart.com/radiant-bay-elementary-white-gold-diamond-18-k-ring/p/itmedakbtvzwez6m?pid=RNGEDAKBZRJKYHDJ,Radiant Bay Elementary White Gold Diamond 18 K Ring,"[""Jewellery >> Rings""]",RNGEDAKBZRJKYHDJ,27434,21947,,01-11-2022
http://www.flipkart.com/sasta-1-compartments-wooden-pen-holder/p/itmedrrvb5f3hdhz?pid=DKOEDRRVZXRF3DRW,Sasta 1 Compartments Wooden Pen Holder,"[""Pens & Stationery >> Office Supplies >> Desk Organizers >> Sasta Desk Organizers""]",DKOEDRRVZXRF3DRW,300,160,,01-11-2022
http://www.flipkart.com/karatcraft-armonia-yellow-gold-diamond-18-k-ring/p/itme7gvyuz4yyvcr?pid=RNGE7GVYJYYWFNVP,Karatcraft Armonia Yellow Gold Diamond 18 K Ring,"[""Jewellery >> Rings""]",RNGE7GVYJYYWFNVP,33965,23672,,01-11-2022
http://www.flipkart.com/icon-book-cover-ipad-2-3-4/p/itme3yffdgudprk3?pid=ACCE3YFFDZYHG4MM,"Icon Book Cover for iPad 2, iPad 3, iPad 4","[""Mobiles & Accessories >> Tablet Accessories >> Cases & Covers >> Icon Cases & Covers""]",ACCE3YFFDZYHG4MM,1999,599,,01-11-2022
http://www.flipkart.com/karatcraft-sweet-flower-yellow-gold-diamond-18-k-ring/p/itme7m92sqqbkpcq?pid=RNGE7M92QK8FW7ZD,Karatcraft Sweet Flower Yellow Gold Diamond 18 K Ring,"[""Jewellery >> Rings""]",RNGE7M92QK8FW7ZD,34433,24655,,01-11-2022
http://www.flipkart.com/fuson-back-cover-samsung-galaxy-j7/p/itmeazcvznnbeegz?pid=ACCEAZCVGMG4PW37,Fuson Back Cover for Samsung Galaxy J7,"[""Mobiles & Accessories >> Tablet Accessories >> Cases & Covers >> Fuson Cases & Covers""]",ACCEAZCVGMG4PW37,1299,599,,01-11-2022
http://www.flipkart.com/radiant-bay-luxurious-solitaire-white-gold-diamond-14-k-ring/p/itmedak9atpdzfeq?pid=RNGEDAK9ZZR8MGY4,Radiant Bay Luxurious Solitaire White Gold Diamond 14 K Ring,"[""Jewellery >> Rings""]",RNGEDAK9ZZR8MGY4,25848,20678,,01-11-2022
http://www.flipkart.com/hua-jie-classy-1-compartments-plastic-pen-stand/p/itmeapcvk5bmkn7g?pid=DKOEAPCVX76BTZG2,Hua Jie Classy 1 Compartments Plastic Pen Stand,"[""Pens & Stationery >> Office Supplies >> Desk Organizers >> Hua Jie Desk Organizers""]",DKOEAPCVX76BTZG2,300,199,,01-11-2022
http://www.flipkart.com/kanu-book-cover-vizio-pcvzk-01/p/itme8xzmzray7uxj?pid=ACCE8XZMKHTPSVFW,Kanu Book Cover for Vizio PCVZK-01,"[""Mobiles & Accessories >> Tablet Accessories >> Cases & Covers >> Kanu Cases & Covers""]",ACCE8XZMKHTPSVFW,1299,599,,01-11-2022
http://www.flipkart.com/radiant-bay-striking-three-stone-white-gold-diamond-14-k-ring/p/itmedaka7tmgj2gh?pid=RNGEDAKAZRMFFPGK,Radiant Bay Striking Three Stone White Gold Diamond 14 K Ring,"[""Jewellery >> Rings""]",RNGEDAKAZRMFFPGK,19873,15898,,01-11-2022
http://www.flipkart.com/metro-women-flats/p/itme7fd6wqzynzxg?pid=SNDE7FD6YA84VHSZ,Metro Women Flats,"[""Footwear >> Women's Footwear >> Flats""]",SNDE7FD6YA84VHSZ,1590,1590,,01-11-2022
http://www.flipkart.com/elfani-brilliance-lip-color-127-brick-red-3-5-g/p/itme99ukeqkbh9gx?pid=LSKE99UKDTDN7HBM,Elfani Brilliance Lip Color 127 Brick Red 3.5 g,"[""Beauty and Personal Care >> Makeup >> Lips >> Lipsticks >> Elfani Lipsticks""]",LSKE99UKDTDN7HBM,255,180,,01-11-2022
http://www.flipkart.com/icon-book-cover-ipad-4/p/itme3yffbs5dd9ef?pid=ACCE3YFF5RDZJKG3,Icon Book Cover for iPad 4,"[""Mobiles & Accessories >> Tablet Accessories >> Cases & Covers >> Icon Cases & Covers""]",ACCE3YFF5RDZJKG3,1999,599,,01-11-2022
http://www.flipkart.com/karatcraft-vertex-yellow-gold-diamond-18-k-ring/p/itme7m92yceqgxkh?pid=RNGE7M925YCWZZRR,Karatcraft Vertex Yellow Gold Diamond 18 K Ring,"[""Jewellery >> Rings""]",RNGE7M925YCWZZRR,25410,17879,,01-11-2022
http://www.flipkart.com/radiant-bay-pear-flair-yellow-gold-diamond-14-k-ring/p/itmedapfzbgwjvcf?pid=RNGEDAPFZWSSMHYW,Radiant Bay Pear Flair Yellow Gold Diamond 14 K Ring,"[""Jewellery >> Rings""]",RNGEDAPFZWSSMHYW,22750,18200,,01-11-2022
http://www.flipkart.com/karatcraft-twisted-gold-yellow-diamond-18-k-ring/p/itme7m92m7grexx4?pid=RNGE7M92NWJJEHDD,Karatcraft Twisted Gold Yellow Gold Diamond 18 K Ring,"[""Jewellery >> Rings""]",RNGE7M92NWJJEHDD,31190,21784,,01-11-2022
http://www.flipkart.com/pakhi-casual-floral-print-women-s-kurti/p/itme2a6z3f4shyuy?pid=KRTE2A6Z9Z9KPAMS,Pakhi Casual Floral Print Women's Kurti,"[""Clothing >> Women's Clothing >> Ethnic Wear >> Kurtas & Kurtis >> Kurtis >> Pakhi Kurtis""]",KRTE2A6Z9Z9KPAMS,5199,3099,,01-11-2022
http://www.flipkart.com/fuson-back-cover-samsung-galaxy-j7/p/itmeazcvnzafphcu?pid=ACCEAZCVAR9UDBGF,Fuson Back Cover for Samsung Galaxy J7,"[""Mobiles & Accessories >> Tablet Accessories >> Cases & Covers >> Fuson Cases & Covers""]",ACCEAZCVAR9UDBGF,1299,599,,01-11-2022
http://www.flipkart.com/unique-designes-flip-cover-asus-memo-pad-7-me572c-7inch/p/itmedskhk3g2jfph?pid=ACCEDSKGPSQFT79Y,Unique Designes Flip Cover for asus memo pad 7 me572c (7inch),"[""Mobiles & Accessories >> Tablet Accessories >> Cases & Covers >> Unique Designes Cases & Covers""]",ACCEDSKGPSQFT79Y,699,289,,01-11-2022
http://www.flipkart.com/radiant-bay-floral-enticement-white-gold-diamond-14-k-ring/p/itmedak74htnse3n?pid=RNGEDAK8ZDN2J4FC,Radiant Bay Floral Enticement White Gold Diamond 14 K Ring,"[""Jewellery >> Rings""]",RNGEDAK8ZDN2J4FC,24240,19392,,01-11-2022
http://www.flipkart.com/fuson-back-cover-samsung-galaxy-j7/p/itmeazcvzq2ddpsg?pid=ACCEAZCVPTGEGVMR,Fuson Back Cover for Samsung Galaxy J7,"[""Mobiles & Accessories >> Tablet Accessories >> Cases & Covers >> Fuson Cases & Covers""]",ACCEAZCVPTGEGVMR,1299,599,,01-11-2022
http://www.flipkart.com/karatcraft-symphony-gold-diamond-18-k-ring/p/itme88q9atsmrafm?pid=RNGE88Q9U5YZG3G2,Karatcraft Symphony Gold Diamond 18 K Ring,"[""Jewellery >> Rings""]",RNGE88Q9U5YZG3G2,32893,23487,,01-11-2022
http://www.flipkart.com/iaccy-book-cover-ipad-air-2/p/itme4yahuwh8dakj?pid=ACCE4YAHHTZNGUCB,iAccy Book Cover for iPad Air 2,"[""Mobiles & Accessories >> Tablet Accessories >> Cases & Covers >> iAccy Cases & Covers""]",ACCE4YAHHTZNGUCB,1999,899,,01-11-2022
http://www.flipkart.com/jewels5-alena-yellow-gold-diamond-18-k-ring/p/itme8rdfvnz9jf3p?pid=RNGE8RDFZZAPBPKB,Jewels5 Alena Yellow Gold Diamond 18 K Ring,"[""Jewellery >> Rings""]",RNGE8RDFZZAPBPKB,33706,24023,,01-11-2022
http://www.flipkart.com/fuson-back-cover-samsung-galaxy-j7/p/itmeazcvnynhvfqw?pid=ACCEAZCVGDCYTVYA,Fuson Back Cover for Samsung Galaxy J7,"[""Mobiles & Accessories >> Tablet Accessories >> Cases & Covers >> Fuson Cases & Covers""]",ACCEAZCVGDCYTVYA,1299,599,,01-11-2022
http://www.flipkart.com/fuson-back-cover-samsung-galaxy-j7/p/itmeazcvvt7xv9uw?pid=ACCEAZCVPD9H3UST,Fuson Back Cover for Samsung Galaxy J7,"[""Mobiles & Accessories >> Tablet Accessories >> Cases & Covers >> Fuson Cases & Covers""]",ACCEAZCVPD9H3UST,1299,599,,01-11-2022
http://www.flipkart.com/karatcraft-sweet-flower-yellow-gold-diamond-18-k-ring/p/itme7m92fseckrhm?pid=RNGE7M922BTRCJGF,Karatcraft Sweet Flower Yellow Gold Diamond 18 K Ring,"[""Jewellery >> Rings""]",RNGE7M922BTRCJGF,32990,23931,,01-11-2022
http://www.flipkart.com/digimac-1-compartments-plastic-pen-stand/p/itmechx3xyce2qyj?pid=DKOECHX3NXXNMSHA,Digimac 1 Compartments Plastic Pen Stand,"[""Pens & Stationery >> Office Supplies >> Desk Organizers >> Digimac Desk Organizers""]",DKOECHX3NXXNMSHA,326,195,,01-11-2022
http://www.flipkart.com/radiant-bay-wish-trio-white-gold-diamond-14-k-ring/p/itmedapspyvr2d8p?pid=RNGEDAPSYZY4WGJV,Radiant Bay Wish Trio White Gold Diamond 14 K Ring,"[""Jewellery >> Rings""]",RNGEDAPSYZY4WGJV,27399,21919,,01-11-2022
http://www.flipkart.com/fuson-back-cover-samsung-galaxy-j7/p/itmeazcv9ux2wum4?pid=ACCEAZCVGGGWZGKU,Fuson Back Cover for Samsung Galaxy J7,"[""Mobiles & Accessories >> Tablet Accessories >> Cases & Covers >> Fuson Cases & Covers""]",ACCEAZCVGGGWZGKU,1299,599,,01-11-2022
http://www.flipkart.com/karatcraft-marigold-yellow-gold-diamond-18-k-ring/p/itme7m92rhpfprr4?pid=RNGE7M92AC8CFMM8,Karatcraft Marigold Yellow Gold Diamond 18 K Ring,"[""Jewellery >> Rings""]",RNGE7M92AC8CFMM8,32964,23503,,01-11-2022
http://www.flipkart.com/goyal-india-31-cm-iron-glass-garden-stake/p/itme5zz3trygjabv?pid=GKEE5ZZ34VYKVZEK,"Goyal India 31 cm Iron, Glass Garden Stake","[""Home Decor & Festive Needs >> Garden & Leisure >> Garden Stakes >> Goyal India Garden Stakes""]",GKEE5ZZ34VYKVZEK,1495,948,,01-11-2022
http://www.flipkart.com/kamakhya-jewels-gold-diamond-yellow-18-k-ring/p/itme8ahwgwz5ksg3?pid=RNGE8AHWPEBHAPM2,Kamakhya Jewels Gold Diamond Yellow Gold 18 K Ring,"[""Jewellery >> Rings""]",RNGE8AHWPEBHAPM2,24277,16993,,01-11-2022
http://www.flipkart.com/radiant-bay-three-knot-yellow-gold-diamond-14-k-ring/p/itmedakapudjvxvt?pid=RNGEDAKBVC9TKFHZ,Radiant Bay Three Knot Yellow Gold Diamond 14 K Ring,"[""Jewellery >> Rings""]",RNGEDAKBVC9TKFHZ,23948,19158,,01-11-2022
http://www.flipkart.com/fashion-bizz-shoulder-bag/p/itmeeh85qpf3ba4n?pid=HMBEEH85RYK3FAJU,Fashion Bizz Shoulder Bag,"[""Bags, Wallets & Belts >> Bags >> Hand Bags >> Fashion Bizz Hand Bags""]",HMBEEH85RYK3FAJU,1499,499,,01-11-2022
http://www.flipkart.com/liza-women-flats/p/itmee4wshwyhtjrf?pid=SNDEE4WVSTFCJFVZ,Liza Women Flats,"[""Footwear >> Women's Footwear >> Flats""]",SNDEE4WVSTFCJFVZ,2490,2490,,01-11-2022
http://www.flipkart.com/karatcraft-spiral-elegance-yellow-gold-diamond-18-k-ring/p/itme7m92cr27h2pm?pid=RNGE7M92AHYVJFTN,Karatcraft Spiral Elegance Yellow Gold Diamond 18 K Ring,"[""Jewellery >> Rings""]",RNGE7M92AHYVJFTN,30445,21410,,01-11-2022
http://www.flipkart.com/dinero-hand-held-bag/p/itmeegxyfbvggv5s?pid=HMBEEGXYJZYRC3A3,Dinero Hand-held Bag,"[""Bags, Wallets & Belts >> Bags >> Hand Bags >> Dinero Hand Bags""]",HMBEEGXYJZYRC3A3,1299,499,,01-11-2022
http://www.flipkart.com/fuson-back-cover-samsung-galaxy-j7/p/itmeazcvhngwzjrg?pid=ACCEAZCVKCFSN4Z8,Fuson Back Cover for Samsung Galaxy J7,"[""Mobiles & Accessories >> Tablet Accessories >> Cases & Covers >> Fuson Cases & Covers""]",ACCEAZCVKCFSN4Z8,1299,599,,01-11-2022
http://www.flipkart.com/jewels5-myrte-gold-diamond-18-k-ring/p/itme8na4gnuqzjsw?pid=RNGE8NA4ZZYUVZHW,Jewels5 Myrte Gold Diamond 18 K Ring,"[""Jewellery >> Rings""]",RNGE8NA4ZZYUVZHW,32492,23194,,01-11-2022
http://www.flipkart.com/kasemantra-back-cover-apple-ipad-mini/p/itme6dzcycmtchrq?pid=ACCE6DZCGNZWZJYR,kasemantra Back Cover for Apple iPad Mini,"[""Mobiles & Accessories >> Tablet Accessories >> Cases & Covers >> kasemantra Cases & Covers""]",ACCE6DZCGNZWZJYR,1499,649,,01-11-2022
http://www.flipkart.com/p-n-gadgil-jewellers-gold-diamond-18k-yellow-18-k-ring/p/itmeam4nmcaemdf3?pid=RNGEAM4NNDFEFXGE,P.N.Gadgil Jewellers Gold Diamond 18K Yellow Gold 18 K Ring,"[""Jewellery >> Rings""]",RNGEAM4NNDFEFXGE,22214,15328,,01-11-2022
http://www.flipkart.com/p-n-gadgil-jewellers-gold-diamond-18k-yellow-18-k-ring/p/itmeam4mvhjhn8a2?pid=RNGEAM4MMF8BUZZG,P.N.Gadgil Jewellers Gold Diamond 18K Yellow Gold 18 K Ring,"[""Jewellery >> Rings""]",RNGEAM4MMF8BUZZG,26614,18364,,01-11-2022
http://www.flipkart.com/kasemantra-back-cover-apple-ipad-mini/p/itme6dzcykgy6wh3?pid=ACCE6DZC3FYVKWHK,kasemantra Back Cover for Apple iPad Mini,"[""Mobiles & Accessories >> Tablet Accessories >> Cases & Covers >> kasemantra Cases & Covers""]",ACCE6DZC3FYVKWHK,1499,649,,01-11-2022
http://www.flipkart.com/karatcraft-simplicity-yellow-gold-diamond-18-k-ring/p/itme7m92ycjjqdf3?pid=RNGE7M928JSR2PZY,Karatcraft Simplicity Yellow Gold Diamond 18 K Ring,"[""Jewellery >> Rings""]",RNGE7M928JSR2PZY,25917,18194,,01-11-2022
http://www.flipkart.com/tup-flip-cover-stand-milagrow-7-16-7-16-pro-7-inch/p/itmecztc4n7tpwcv?pid=ACCECZTCGM5QTWWF,TUP Flip Cover for Stand Milagrow 7.16/7.16 pro 7 Inch,"[""Mobiles & Accessories >> Tablet Accessories >> Cases & Covers >> TUP Cases & Covers""]",ACCECZTCGM5QTWWF,799,298,,01-11-2022
http://www.flipkart.com/fuson-back-cover-samsung-galaxy-j7/p/itmeazcvgstkyagt?pid=ACCEAZCVU9RPHNFG,Fuson Back Cover for Samsung Galaxy J7,"[""Mobiles & Accessories >> Tablet Accessories >> Cases & Covers >> Fuson Cases & Covers""]",ACCEAZCVU9RPHNFG,1299,599,,01-11-2022
http://www.flipkart.com/radiant-bay-flower-focused-white-gold-diamond-18-k-ring/p/itmedakdyvna6fcg?pid=RNGEDAKEG2DV5Y5D,Radiant Bay Flower Focused White Gold Diamond 18 K Ring,"[""Jewellery >> Rings""]",RNGEDAKEG2DV5Y5D,21153,16922,,01-11-2022
http://www.flipkart.com/kasemantra-back-cover-apple-ipad-mini/p/itme6dzcyquuy6rk?pid=ACCE6DZC4SANU636,kasemantra Back Cover for Apple iPad Mini,"[""Mobiles & Accessories >> Tablet Accessories >> Cases & Covers >> kasemantra Cases & Covers""]",ACCE6DZC4SANU636,1499,649,,01-11-2022
http://www.flipkart.com/idbc-global-shoulder-bag/p/itme7g34y7ygczwe?pid=HMBE7G34HWHHGXZQ,IDBC GLOBAL Shoulder Bag,"[""Bags, Wallets & Belts >> Bags >> Hand Bags >> IDBC GLOBAL Hand Bags""]",HMBE7G34HWHHGXZQ,799,249,,01-11-2022
http://www.flipkart.com/jewels-jaipur-gold-diamond-14-k-ring/p/itmebkghte6c86xm?pid=RNGEBKGHZ6EKKVFB,Jewels of Jaipur Gold Diamond 14 K Ring,"[""Jewellery >> Rings""]",RNGEBKGHZ6EKKVFB,30460,22845,,01-11-2022
http://www.flipkart.com/fuson-back-cover-samsung-galaxy-j7/p/itmeazcv7yjweqyr?pid=ACCEAZCVMCRXYYFK,Fuson Back Cover for Samsung Galaxy J7,"[""Mobiles & Accessories >> Tablet Accessories >> Cases & Covers >> Fuson Cases & Covers""]",ACCEAZCVMCRXYYFK,1299,599,,01-11-2022
http://www.flipkart.com/radiant-bay-pristine-promise-white-gold-diamond-18-k-ring/p/itmedakefzbjhzn5?pid=RNGEDAKFHRCFWQN2,Radiant Bay Pristine Promise White Gold Diamond 18 K Ring,"[""Jewellery >> Rings""]",RNGEDAKFHRCFWQN2,18773,15018,,01-11-2022
http://www.flipkart.com/gizmoz-customs-back-cover-apple-ipad-2-3-4/p/itme9e2rcnxtznks?pid=ACCE9E2RYP2JXVBY,"Gizmoz Customs Back Cover for Apple iPad 2, 3, 4","[""Mobiles & Accessories >> Tablet Accessories >> Cases & Covers >> Gizmoz Customs Cases & Covers""]",ACCE9E2RYP2JXVBY,2500,550,,01-11-2022
http://www.flipkart.com/karatcraft-mirus-yellow-gold-diamond-18-k-ring/p/itme7m92zza3k5pt?pid=RNGE7M92CXFX3PPA,Karatcraft Mirus Yellow Gold Diamond 18 K Ring,"[""Jewellery >> Rings""]",RNGE7M92CXFX3PPA,24060,17201,,01-11-2022
http://www.flipkart.com/icon-book-cover-ipad-mini/p/itme3yffqjq4hh3y?pid=ACCE3YFFEW3TAXZA,Icon Book Cover for iPad Mini,"[""Mobiles & Accessories >> Tablet Accessories >> Cases & Covers >> Icon Cases & Covers""]",ACCE3YFFEW3TAXZA,1999,599,,01-11-2022
http://www.flipkart.com/jewelhub-18k-hallmark-vs-g-diamond-gold-18-k-ring/p/itmdxj5uy4zg4yat?pid=RNGDXJ5UVGSEGHGQ,Jewelhub 18k Hallmark & VS-G Diamond Gold 18 K Ring,"[""Jewellery >> Rings""]",RNGDXJ5UVGSEGHGQ,22374,16781,,01-11-2022
http://www.flipkart.com/kasemantra-back-cover-apple-ipad-mini/p/itmeabvyhcwcayrz?pid=ACCEABVY6Y3HJHHG,Kasemantra Back Cover for Apple iPad Mini,"[""Mobiles & Accessories >> Tablet Accessories >> Cases & Covers >> Kasemantra Cases & Covers""]",ACCEABVY6Y3HJHHG,1499,649,,01-11-2022
http://www.flipkart.com/amber-animal-print-women-s-wrap-around-skirt/p/itmeay9juvuzfabe?pid=SKIEAY9JU2DTH5GW,Amber Animal Print Women's Wrap Around Skirt,"[""Clothing >> Women's Clothing >> Western Wear >> Dresses & Skirts >> Skirts >> Amber Skirts""]",SKIEAY9JU2DTH5GW,1100,425,,01-11-2022
http://www.flipkart.com/kasemantra-back-cover-apple-ipad-mini/p/itme6dzcycc3zghj?pid=ACCE6DZCHNHYHZZJ,kasemantra Back Cover for Apple iPad Mini,"[""Mobiles & Accessories >> Tablet Accessories >> Cases & Covers >> kasemantra Cases & Covers""]",ACCE6DZCHNHYHZZJ,1499,649,,01-11-2022
http://www.flipkart.com/radiant-bay-priceless-bond-yellow-gold-diamond-18-k-ring/p/itmedakcuffutjuv?pid=RNGEDAKCZHXRBG9G,Radiant Bay Priceless Bond Yellow Gold Diamond 18 K Ring,"[""Jewellery >> Rings""]",RNGEDAKCZHXRBG9G,22775,18220,,01-11-2022
http://www.flipkart.com/stop-shoppers-women-flats/p/itmeeh867a9zegwz?pid=SNDEEH86ZXCVMR8D,Stop by Shoppers Stop Women Flats,"[""Footwear >> Women's Footwear >> Flats""]",SNDEEH86ZXCVMR8D,1599,1599,,01-11-2022
http://www.flipkart.com/icon-book-cover-ipad-2/p/itme3yffhszzhdx6?pid=ACCE3YFF4D4KYBF4,Icon Book Cover for iPad 2,"[""Mobiles & Accessories >> Tablet Accessories >> Cases & Covers >> Icon Cases & Covers""]",ACCE3YFF4D4KYBF4,1999,599,,01-11-2022
http://www.flipkart.com/karatcraft-artifex-yellow-gold-diamond-18-k-ring/p/itme7m92jrg6ketn?pid=RNGE7M92TGDFE3DU,Karatcraft Artifex Yellow Gold Diamond 18 K Ring,"[""Jewellery >> Rings""]",RNGE7M92TGDFE3DU,21056,15302,,01-11-2022
http://www.flipkart.com/fuson-back-cover-samsung-galaxy-j7/p/itmeazcvbmhsrmev?pid=ACCEAZCV3HFDYAHT,Fuson Back Cover for Samsung Galaxy J7,"[""Mobiles & Accessories >> Tablet Accessories >> Cases & Covers >> Fuson Cases & Covers""]",ACCEAZCV3HFDYAHT,1299,599,,01-11-2022
http://www.flipkart.com/karatcraft-intima-yellow-gold-diamond-18-k-ring/p/itme7gvytgacpkcj?pid=RNGE7GVYUJEHNNJS,Karatcraft Intima Yellow Gold Diamond 18 K Ring,"[""Jewellery >> Rings""]",RNGE7GVYUJEHNNJS,35044,24566,,01-11-2022
http://www.flipkart.com/kasemantra-back-cover-apple-ipad-mini/p/itme6dzcar3c3zke?pid=ACCE6DZCAGSQEW3B,kasemantra Back Cover for Apple iPad Mini,"[""Mobiles & Accessories >> Tablet Accessories >> Cases & Covers >> kasemantra Cases & Covers""]",ACCE6DZCAGSQEW3B,1499,649,,01-11-2022
http://www.flipkart.com/karatcraft-pinta-yellow-gold-diamond-18-k-ring/p/itme7m92exc8jf3z?pid=RNGE7M92FC3SNGZD,Karatcraft Pinta Yellow Gold Diamond 18 K Ring,"[""Jewellery >> Rings""]",RNGE7M92FC3SNGZD,31981,22181,,01-11-2022
http://www.flipkart.com/radiant-bay-sumptous-sparkle-white-gold-diamond-14-k-ring/p/itmedaptptvamtru?pid=RNGEDAPTVZZTHMY4,Radiant Bay Sumptous Sparkle White Gold Diamond 14 K Ring,"[""Jewellery >> Rings""]",RNGEDAPTVZZTHMY4,26084,20867,,01-11-2022
http://www.flipkart.com/radiant-bay-forever-yellow-gold-diamond-18-k-ring/p/itmedakddhghzgvx?pid=RNGEDAKDZXZ7ZBES,Radiant Bay For Forever Yellow Gold Diamond 18 K Ring,"[""Jewellery >> Rings""]",RNGEDAKDZXZ7ZBES,26208,20966,,01-11-2022
http://www.flipkart.com/icon-book-cover-ipad-2-3-4/p/itme3yff5mr5mfss?pid=ACCE3YFF2ERBY5ZV,"Icon Book Cover for iPad 2, iPad 3, iPad 4","[""Mobiles & Accessories >> Tablet Accessories >> Cases & Covers >> Icon Cases & Covers""]",ACCE3YFF2ERBY5ZV,1999,599,,01-11-2022
http://www.flipkart.com/karatcraft-trenza-yellow-gold-diamond-18-k-ring/p/itme7m92hbfssb6g?pid=RNGE7M9279JQH6M2,Karatcraft Trenza Yellow Gold Diamond 18 K Ring,"[""Jewellery >> Rings""]",RNGE7M9279JQH6M2,23615,16564,,01-11-2022
http://www.flipkart.com/idbc-global-shoulder-bag/p/itme7r2fdba7gdyh?pid=HMBE7R2FF7QZHARF,IDBC GLOBAL Shoulder Bag,"[""Bags, Wallets & Belts >> Bags >> Hand Bags >> IDBC GLOBAL Hand Bags""]",HMBE7R2FF7QZHARF,799,249,,01-11-2022
http://www.flipkart.com/kasemantra-back-cover-apple-ipad-mini/p/itme6dzctbeemvhb?pid=ACCE6DZCFX6JK8ZJ,kasemantra Back Cover for Apple iPad Mini,"[""Mobiles & Accessories >> Tablet Accessories >> Cases & Covers >> kasemantra Cases & Covers""]",ACCE6DZCFX6JK8ZJ,1499,649,,01-11-2022
http://www.flipkart.com/jewels5-adan-yellow-gold-diamond-18-k-ring/p/itme8tq9ajegefez?pid=RNGE8TQ9YUW7TTAU,Jewels5 Adan Yellow Gold Diamond 18 K Ring,"[""Jewellery >> Rings""]",RNGE8TQ9YUW7TTAU,29976,21475,,01-11-2022
http://www.flipkart.com/jewels5-hartlyn-yellow-gold-diamond-18-k-ring/p/itme8tfnxrd39gk2?pid=RNGE8TFNWHGH2MRU,Jewels5 Hartlyn Yellow Gold Diamond 18 K Ring,"[""Jewellery >> Rings""]",RNGE8TFNWHGH2MRU,30679,21955,,01-11-2022
http://www.flipkart.com/uag-book-cover-apple-ipad-mini-4/p/itmedfvfkhxzyfxk?pid=ACCEDFVFVMKXJGGG,UAG Book Cover for APPLE IPAD MINI 4,"[""Mobiles & Accessories >> Tablet Accessories >> Cases & Covers >> UAG Cases & Covers""]",ACCEDFVFVMKXJGGG,3499,2999,,01-11-2022
http://www.flipkart.com/radiant-bay-gold-goddess-sterling-silver-diamond-ring/p/itmed5y9u4ftfbch?pid=RNGED5YAZMEZYGGB,Radiant Bay Gold Goddess Sterling Silver Diamond Ring,"[""Jewellery >> Rings""]",RNGED5YAZMEZYGGB,23043,16130,,01-11-2022
http://www.flipkart.com/fuson-back-cover-samsung-galaxy-j7/p/itmeazcvqzvsuzvh?pid=ACCEAZCV9RKUAMHA,Fuson Back Cover for Samsung Galaxy J7,"[""Mobiles & Accessories >> Tablet Accessories >> Cases & Covers >> Fuson Cases & Covers""]",ACCEAZCV9RKUAMHA,1299,599,,01-11-2022
http://www.flipkart.com/radiant-bay-distinguishing-yellow-gold-diamond-14-k-ring/p/itmedakdzrpeffcg?pid=RNGEDAKEZXMAXYKB,Radiant Bay Distinguishing Yellow Gold Diamond 14 K Ring,"[""Jewellery >> Rings""]",RNGEDAKEZXMAXYKB,24485,19588,,01-11-2022
http://www.flipkart.com/port-monk-volleyball-size-5-diameter-22-cm/p/itmedmvbuuhaqcc7?pid=BALEDMVBJHEQRJS5,"Port Monk Volleyball -   Size: 5,  Diameter: 22 cm","[""Sports & Fitness >> Team Sports >> Volleyball >> VolleyBalls >> Port VolleyBalls""]",BALEDMVBJHEQRJS5,1299,699,,01-11-2022
http://www.flipkart.com/icon-book-cover-ipad-mini/p/itme3yff2ghz7ksf?pid=ACCE3YFFQY82H72D,Icon Book Cover for iPad Mini,"[""Mobiles & Accessories >> Tablet Accessories >> Cases & Covers >> Icon Cases & Covers""]",ACCE3YFFQY82H72D,1999,599,,01-11-2022
http://www.flipkart.com/radiant-bay-striking-three-stone-yellow-gold-diamond-14-k-ring/p/itmedakabqhecysp?pid=RNGEDAKAZXTGZNAM,Radiant Bay Striking Three Stone Yellow Gold Diamond 14 K Ring,"[""Jewellery >> Rings""]",RNGEDAKAZXTGZNAM,23819,19055,,01-11-2022
http://www.flipkart.com/artisan-creation-floral-single-quilts-comforters-white/p/itmeeh2zgzv2m74f?pid=BLAEEH2ZH8PNRD6M,Artisan Creation Floral Single Quilts & Comforters White,"[""Home Furnishing >> Bed Linen >> Blankets, Quilts & Dohars""]",BLAEEH2ZH8PNRD6M,1999,747,,01-11-2022
http://www.flipkart.com/brite-body-groomer-bht-530-00-trimmer-men/p/itmearqac6jfawyh?pid=SHVEARQAGHX9DCCM,Brite Body Groomer BHT-530/00 Trimmer For Men,"[""Health & Personal Care Appliances >> Personal Care Appliances >> Trimmers""]",SHVEARQAGHX9DCCM,999,190,,01-11-2022
http://www.flipkart.com/radiant-bay-elementary-yellow-gold-diamond-14-k-ring/p/itmedakb5gr36vbp?pid=RNGEDAKBZPHKHGCQ,Radiant Bay Elementary Yellow Gold Diamond 14 K Ring,"[""Jewellery >> Rings""]",RNGEDAKBZPHKHGCQ,19205,15364,,01-11-2022
http://www.flipkart.com/kasemantra-back-cover-apple-ipad-mini/p/itmeabw8bfabgdey?pid=ACCEABW85UJZ7BMZ,Kasemantra Back Cover for Apple iPad Mini,"[""Mobiles & Accessories >> Tablet Accessories >> Cases & Covers >> Kasemantra Cases & Covers""]",ACCEABW85UJZ7BMZ,1499,649,,01-11-2022
http://www.flipkart.com/karatcraft-lynne-yellow-gold-diamond-18-k-ring/p/itme7gvyhxawyqsd?pid=RNGE7GVYVUZTYDQN,Karatcraft Lynne Yellow Gold Diamond 18 K Ring,"[""Jewellery >> Rings""]",RNGE7GVYVUZTYDQN,26203,18160,,01-11-2022
http://www.flipkart.com/idbc-global-shoulder-bag/p/itme7g34awcbtcwh?pid=HMBE7G33MRRHSJFF,IDBC GLOBAL Shoulder Bag,"[""Bags, Wallets & Belts >> Bags >> Hand Bags >> IDBC GLOBAL Hand Bags""]",HMBE7G33MRRHSJFF,799,249,,01-11-2022
http://www.flipkart.com/digimac-3-compartments-plastic-pen-stand/p/itmechx3bzje3sw8?pid=DKOECHX36VQW47UN,Digimac 3 Compartments Plastic Pen Stand,"[""Pens & Stationery >> Office Supplies >> Desk Organizers >> Digimac Desk Organizers""]",DKOECHX36VQW47UN,330,194,,01-11-2022
http://www.flipkart.com/fuson-back-cover-samsung-galaxy-j7/p/itmeazcvfytgegfg?pid=ACCEAZCV9DGDZDDD,Fuson Back Cover for Samsung Galaxy J7,"[""Mobiles & Accessories >> Tablet Accessories >> Cases & Covers >> Fuson Cases & Covers""]",ACCEAZCV9DGDZDDD,1299,599,,01-11-2022
http://www.flipkart.com/karatcraft-dyumna-yellow-gold-diamond-18-k-ring/p/itme7gvymjpgge6p?pid=RNGE7GVYNY2QNZVK,Karatcraft Dyumna Yellow Gold Diamond 18 K Ring,"[""Jewellery >> Rings""]",RNGE7GVYNY2QNZVK,34536,23868,,01-11-2022
http://www.flipkart.com/blanket-zone-printed-single-quilts-comforters-multicolor/p/itmeeb88pzeazvxh?pid=BLAEEB88PCH2DKHD,Blanket Zone Printed Single Quilts & Comforters Multicolor,"[""Home Furnishing >> Bed Linen >> Blankets, Quilts & Dohars""]",BLAEEB88PCH2DKHD,2049,899,,01-11-2022
http://www.flipkart.com/radiant-bay-striking-three-stone-yellow-gold-diamond-18-k-ring/p/itmedakahuzawzyk?pid=RNGEDAKAZRSRYN2X,Radiant Bay Striking Three Stone Yellow Gold Diamond 18 K Ring,"[""Jewellery >> Rings""]",RNGEDAKAZRSRYN2X,24548,19638,,01-11-2022
http://www.flipkart.com/karatcraft-stellina-yellow-gold-diamond-18-k-ring/p/itme7m92hqgpynsk?pid=RNGE7M92A3SXRGHR,Karatcraft Stellina Yellow Gold Diamond 18 K Ring,"[""Jewellery >> Rings""]",RNGE7M92A3SXRGHR,24552,17862,,01-11-2022
http://www.flipkart.com/digimac-1-compartments-plastic-pen-stand/p/itmechx3peabthrv?pid=DKOECHX3MAQ2GV6Z,Digimac 1 Compartments Plastic Pen Stand,"[""Pens & Stationery >> Office Supplies >> Desk Organizers >> Digimac Desk Organizers""]",DKOECHX3MAQ2GV6Z,400,246,,01-11-2022
http://www.flipkart.com/radiant-bay-class-higher-white-gold-diamond-18-k-ring/p/itmedaka5jbphbdp?pid=RNGEDAKBZZA5AXWV,Radiant Bay A Class Higher White Gold Diamond 18 K Ring,"[""Jewellery >> Rings""]",RNGEDAKBZZA5AXWV,23409,18727,,01-11-2022
http://www.flipkart.com/fuson-back-cover-samsung-galaxy-j7/p/itmeazcvpvnykh5e?pid=ACCEAZCVNQYF3NS4,Fuson Back Cover for Samsung Galaxy J7,"[""Mobiles & Accessories >> Tablet Accessories >> Cases & Covers >> Fuson Cases & Covers""]",ACCEAZCVNQYF3NS4,1299,599,,01-11-2022
http://www.flipkart.com/silkworm-printed-single-dohar-multicolor/p/itme6dph99uwzgdt?pid=BLAE6DPHRB25VEHK,Silkworm Printed Single Dohar Multicolor,"[""Home Furnishing >> Bed Linen >> Blankets, Quilts & Dohars""]",BLAE6DPHRB25VEHK,1500,799,,01-11-2022
http://www.flipkart.com/radiant-bay-flower-focused-yellow-gold-diamond-18-k-ring/p/itmedakdgu9zyh2f?pid=RNGEDAKDYG555FAF,Radiant Bay Flower Focused Yellow Gold Diamond 18 K Ring,"[""Jewellery >> Rings""]",RNGEDAKDYG555FAF,21153,16922,,01-11-2022
http://www.flipkart.com/o-teddy-toys-1-compartments-imported-soft-valvet-pen-stand/p/itme4che2b83xbya?pid=DKOE4CHENGYZ5PEH,O Teddy Toys 1 Compartments Imported Soft Valvet Pen Stand,"[""Pens & Stationery >> Office Supplies >> Desk Organizers >> O Teddy Desk Organizers""]",DKOE4CHENGYZ5PEH,289,189,,01-11-2022
http://www.flipkart.com/gioiabazar-book-cover-samsung-galaxy-tab3-8-0-sm-t311-sm-t310/p/itme7xgjf4bcasdr?pid=ACCE7XGJXH9JZG59,"Gioiabazar Book Cover for Samsung Galaxy Tab3 8.0"" SM-T311 SM-T310","[""Mobiles & Accessories >> Tablet Accessories >> Cases & Covers >> Gioiabazar Cases & Covers""]",ACCE7XGJXH9JZG59,1399,599,,01-11-2022
http://www.flipkart.com/karatcraft-linius-yellow-gold-diamond-18-k-ring/p/itme7m92sch87ns9?pid=RNGE7M92EF2SQPJX,Karatcraft Linius Yellow Gold Diamond 18 K Ring,"[""Jewellery >> Rings""]",RNGE7M92EF2SQPJX,27045,19528,,01-11-2022
http://www.flipkart.com/kanu-book-cover-champion-wtab-705-7-inch/p/itme8xzmq9zed69q?pid=ACCE8XZMHMZTERSN,Kanu Book Cover for Champion Wtab 705 7 inch,"[""Mobiles & Accessories >> Tablet Accessories >> Cases & Covers >> Kanu Cases & Covers""]",ACCE8XZMHMZTERSN,1299,599,,01-11-2022
http://www.flipkart.com/radiant-bay-square-slade-white-gold-diamond-18-k-ring/p/itmedakevahe23ed?pid=RNGEDAKFNPUNF5BJ,Radiant Bay Square Slade White Gold Diamond 18 K Ring,"[""Jewellery >> Rings""]",RNGEDAKFNPUNF5BJ,25929,20743,,01-11-2022
http://www.flipkart.com/kanu-book-cover-lava-e-tab-connect/p/itme8xzmmckrscmm?pid=ACCE8XZMDHKTDDTY,Kanu Book Cover for Lava E-Tab Connect,"[""Mobiles & Accessories >> Tablet Accessories >> Cases & Covers >> Kanu Cases & Covers""]",ACCE8XZMDHKTDDTY,1299,599,,01-11-2022
http://www.flipkart.com/karatcraft-lynne-yellow-gold-diamond-18-k-ring/p/itme7m92gpbbwxxg?pid=RNGE7M92HQECSUYG,Karatcraft Lynne Yellow Gold Diamond 18 K Ring,"[""Jewellery >> Rings""]",RNGE7M92HQECSUYG,33357,23286,,01-11-2022
http://www.flipkart.com/fuson-back-cover-samsung-galaxy-j7/p/itmeazcvqrghnnqd?pid=ACCEAZCVQFFGVXPB,Fuson Back Cover for Samsung Galaxy J7,"[""Mobiles & Accessories >> Tablet Accessories >> Cases & Covers >> Fuson Cases & Covers""]",ACCEAZCVQFFGVXPB,1299,599,,01-11-2022
http://www.flipkart.com/bagru-crafts-floral-single-quilts-comforters-multicolor/p/itmeahgv6u83w6gd?pid=BLAEAHGV37V3A2GG,Bagru Crafts Floral Single Quilts & Comforters Multicolor,"[""Home Furnishing >> Bed Linen >> Blankets, Quilts & Dohars""]",BLAEAHGV37V3A2GG,1999,899,,01-11-2022
http://www.flipkart.com/amzer-back-cover-samsung-galaxy-tab-s2-9-7-sm-t810/p/itmebuek5fm6bp9t?pid=ACCEBUEKVFFUX2DE,AMZER Back Cover for Samsung GALAXY Tab S2 9.7 SM-T810,"[""Mobiles & Accessories >> Tablet Accessories >> Cases & Covers >> AMZER Cases & Covers""]",ACCEBUEKVFFUX2DE,1499,1499,,01-11-2022
http://www.flipkart.com/radiant-bay-striking-three-stone-yellow-gold-diamond-18-k-ring/p/itmedakatrzgsuw8?pid=RNGEDAKBYYVCFWZP,Radiant Bay Striking Three Stone Yellow Gold Diamond 18 K Ring,"[""Jewellery >> Rings""]",RNGEDAKBYYVCFWZP,28494,22795,,01-11-2022
http://www.flipkart.com/mobilecops-flip-cover-samsung-galaxy-tab-3-7-inch/p/itme7b8nuxjhcfwb?pid=ACCE7B8NZXHA5ZV9,Mobilecops Flip Cover for Samsung Galaxy Tab 3.7 inch,"[""Mobiles & Accessories >> Tablet Accessories >> Cases & Covers >> Mobilecops Cases & Covers""]",ACCE7B8NZXHA5ZV9,1499,699,,01-11-2022
http://www.flipkart.com/kasemantra-back-cover-apple-ipad-mini/p/itme6dzczdkzhvaz?pid=ACCE6DZCK6XYXSWG,kasemantra Back Cover for Apple iPad Mini,"[""Mobiles & Accessories >> Tablet Accessories >> Cases & Covers >> kasemantra Cases & Covers""]",ACCE6DZCK6XYXSWG,1499,649,,01-11-2022
http://www.flipkart.com/karatcraft-camellia-yellow-gold-diamond-18-k-ring/p/itme7gvyw8hrjufp?pid=RNGE7GVYGYRGX5VT,Karatcraft Camellia Yellow Gold Diamond 18 K Ring,"[""Jewellery >> Rings""]",RNGE7GVYGYRGX5VT,25668,18583,,01-11-2022
http://www.flipkart.com/rama-floral-single-quilts-comforters-blue/p/itmee6ktbfkbqjae?pid=BLAEE6KTJRCUYPFG,Rama Floral Single Quilts & Comforters Blue,"[""Home Furnishing >> Bed Linen >> Blankets, Quilts & Dohars""]",BLAEE6KTJRCUYPFG,1499,749,,01-11-2022
http://www.flipkart.com/kasemantra-back-cover-apple-ipad-mini/p/itmeabvybhdrsrmd?pid=ACCEABVY46SXFZW5,Kasemantra Back Cover for Apple iPad Mini,"[""Mobiles & Accessories >> Tablet Accessories >> Cases & Covers >> Kasemantra Cases & Covers""]",ACCEABVY46SXFZW5,1499,649,,01-11-2022
http://www.flipkart.com/metro-comfortech-women-flats/p/itme78yyysxg5c6u?pid=SNDE78YZVGXGUZWS,Metro Comfortech Women Flats,"[""Footwear >> Women's Footwear >> Flats""]",SNDE78YZVGXGUZWS,1790,1790,,01-11-2022
http://www.flipkart.com/jpearls-yellow-gold-18-k-ring/p/itmdy8pzfjsfcvhd?pid=RNGDY8PZCQHBYA8U,Jpearls Yellow Gold Yellow Gold 18 K Ring,"[""Jewellery >> Rings""]",RNGDY8PZCQHBYA8U,24780,17326,,01-11-2022
http://www.flipkart.com/fuson-back-cover-samsung-galaxy-j7/p/itmeazcvzcacmbzk?pid=ACCEAZCVWSQFGFSK,Fuson Back Cover for Samsung Galaxy J7,"[""Mobiles & Accessories >> Tablet Accessories >> Cases & Covers >> Fuson Cases & Covers""]",ACCEAZCVWSQFGFSK,1299,599,,01-11-2022
http://www.flipkart.com/rama-floral-single-quilts-comforters-blue-beige/p/itmee6ktgusgjhpf?pid=BLAEE6KTUAEBTDKS,Rama Floral Single Quilts & Comforters Blue-Beige,"[""Home Furnishing >> Bed Linen >> Blankets, Quilts & Dohars""]",BLAEE6KTUAEBTDKS,1499,749,,01-11-2022
http://www.flipkart.com/karatcraft-armonia-yellow-gold-diamond-18-k-ring/p/itme7gvyratayjyh?pid=RNGE7GVYZGVHDS2V,Karatcraft Armonia Yellow Gold Diamond 18 K Ring,"[""Jewellery >> Rings""]",RNGE7GVYZGVHDS2V,35022,24440,,01-11-2022
http://www.flipkart.com/kanu-book-cover-bsnl-champion-wtab-706/p/itme8xzmvxhax6xf?pid=ACCE8XZMDKTAZBAH,Kanu Book Cover for BSNL Champion WTab 706,"[""Mobiles & Accessories >> Tablet Accessories >> Cases & Covers >> Kanu Cases & Covers""]",ACCE8XZMDKTAZBAH,1299,599,,01-11-2022
http://www.flipkart.com/vheelocityin-decorative-gold-chrome-strip-interior-extrerior-20m-mahindra-e20-car-side-beading/p/itmegbh9s8ebvvfy?pid=VSBEGBH9QBHT2MQF,Vheelocityin Decorative Gold Chrome Strip For Interior / Extrerior - 20M For Mahindra E20 Car Side Beading,"[""Automotive >> Accessories & Spare parts >> Car & Bike Styling >> Car Styling >> Car Side Beadings >> Vheelocityin Decorative Gold Chrome Strip For In...""]",VSBEGBH9QBHT2MQF,855,570,,01-11-2022
http://www.flipkart.com/indigocart-printed-women-s-regular-skirt/p/itmeghg5gc8yfen7?pid=SKIEGHG56EC78YXW,Indigocart Printed Women's Regular Skirt,"[""Clothing >> Women's Clothing >> Western Wear >> Dresses & Skirts >> Skirts >> Indigocart Skirts >> Indigocart Printed Women's Regular Skirt""]",SKIEGHG56EC78YXW,1499,749,,01-11-2022
http://www.flipkart.com/vheelocityin-decorative-gold-chrome-strip-interior-extrerior-20m-chevrolet-cruze-car-side-beading/p/itmegbh87zkdhrhv?pid=VSBEGBH8YSKZ7AGY,Vheelocityin Decorative Gold Chrome Strip For Interior / Extrerior - 20M For Chevrolet Cruze Car Side Beading,"[""Automotive >> Accessories & Spare parts >> Car & Bike Styling >> Car Styling >> Car Side Beadings >> Vheelocityin Decorative Gold Chrome Strip For In...""]",VSBEGBH8YSKZ7AGY,855,570,,01-11-2022
http://www.flipkart.com/edge-plus-body-panel-nokia-7230-slide-front-back/p/itmefhrtb42ethbv?pid=MBPEFHRT4Q8EVGNU,EDGE PLUS BODY PANEL FOR NOKIA 7230 SLIDE Front & Back Panel,"[""Mobiles & Accessories >> Mobile Accessories >> Mobile Body Panels >> EDGE PLUS Mobile Body Panels >> EDGE PLUS BODY PANEL FOR NOKIA 7230 SLIDE Front ...""]",MBPEFHRT4Q8EVGNU,1099,529,,01-11-2022
http://www.flipkart.com/edge-plus-body-panel-samsung-s3500-front-back/p/itmeeytzrmhjprvz?pid=MBPEEYTZMQV5SHNX,EDGE PLUS BODY PANEL FOR SAMSUNG S3500 Front & Back Panel,"[""Mobiles & Accessories >> Mobile Accessories >> Mobile Body Panels >> EDGE PLUS Mobile Body Panels >> EDGE PLUS BODY PANEL FOR SAMSUNG S3500 Front & B...""]",MBPEEYTZMQV5SHNX,1199,599,,01-11-2022
http://www.flipkart.com/remtex-export-cartoon-single-dohar-multicolor/p/itmeg2bdfjq3mq8h?pid=BLAEG2BDYCYDNW6X,Remtex Export Cartoon Single Dohar Multicolor,"[""Home Furnishing >> Bed Linen >> Blankets, Quilts & Dohars >> Remtex Export Cartoon Single Dohar Multicolor (1...""]",BLAEG2BDYCYDNW6X,1499,524,,01-11-2022
http://www.flipkart.com/tradition-india-floral-single-quilts-comforters-multicolor/p/itmefnhbwumn6rpn?pid=BLAEFNHBFWEXG6YM,Tradition India Floral Single Quilts & Comforters Multicolor,"[""Home Furnishing >> Bed Linen >> Blankets, Quilts & Dohars >> Tradition India Floral Single Quilts & Comforter...""]",BLAEFNHBFWEXG6YM,3699,1798,,01-11-2022
http://www.flipkart.com/edge-plus-body-panel-samsung-galaxy-s4-9500-front-back/p/itmefhrydw7ugpx9?pid=MBPEFHRYGGHJMRYW,EDGE PLUS BODY PANEL FOR SAMSUNG GALAXY S4 9500 Front & Back Panel,"[""Mobiles & Accessories >> Mobile Accessories >> Mobile Body Panels >> EDGE PLUS Mobile Body Panels >> EDGE PLUS BODY PANEL FOR SAMSUNG GALAXY S4 9500 ...""]",MBPEFHRYGGHJMRYW,1299,699,,01-11-2022
http://www.flipkart.com/royal-men-s-kurta-pyjama-set/p/itmejg7na3hzdcbt?pid=ETHEJG7NHGRFGHHK,Royal Men's Kurta and Pyjama Set,"[""Clothing >> Men's Clothing >> Ethnic Wear >> Sets >> Royal Sets >> Royal Men's Kurta and Pyjama Set""]",ETHEJG7NHGRFGHHK,1999,999,,01-11-2022
http://www.flipkart.com/cora-striped-girl-s-straight-kurta/p/itmegx2w9cdb9yfk?pid=KTAEGX2WM2MBUSHJ,CORA Striped Girl's Straight Kurta,"[""Clothing >> Kids' Clothing >> Girls Wear >> Ethnic Wear >> Kurtas >> CORA Kurtas >> CORA Striped Girl's Straight Kurta""]",KTAEGX2WM2MBUSHJ,799,799,,01-11-2022
http://www.flipkart.com/adidas-ind-pro-thi-gua-thigh-guard/p/itmejgqcmjq7wwyh?pid=GUAEJGQCH9BNFH2J,Adidas IND PRO THI GUA Thigh Guard,"[""Adidas IND PRO THI GUA Thigh Guard (White, Blue,...""]",GUAEJGQCH9BNFH2J,999,999,,01-11-2022
http://www.flipkart.com/royal-men-s-kurta-pyjama-set/p/itmejg7nygzqnwht?pid=ETHEJG7NW4M4AFCZ,Royal Men's Kurta and Pyjama Set,"[""Clothing >> Men's Clothing >> Ethnic Wear >> Sets >> Royal Sets >> Royal Men's Kurta and Pyjama Set""]",ETHEJG7NW4M4AFCZ,1999,999,,01-11-2022
http://www.flipkart.com/twisha-printed-kurti-salwar/p/itmegrskechgxsth?pid=SWDEGU4MDSDGGJHN,TWISHA Printed Kurti & Salwar,"[""Baby Care >> Infant Wear >> Baby Girls' Clothes >> Ethnic Wear >> Salwar Kurta Dupattas >> TWISHA Salwar Kurta Dupattas >> TWISHA Printed Kurti & Salwar""]",SWDEGU4MDSDGGJHN,869,869,,01-11-2022
http://www.flipkart.com/cora-striped-girl-s-straight-kurta/p/itmegx2ygwgpcsjx?pid=KTAEGX2XSZU5ZBCG,CORA Striped Girl's Straight Kurta,"[""Clothing >> Kids' Clothing >> Girls Wear >> Ethnic Wear >> Kurtas >> CORA Kurtas >> CORA Striped Girl's Straight Kurta""]",KTAEGX2XSZU5ZBCG,1599,1599,,01-11-2022
http://www.flipkart.com/khadi-lip-balm-pack-2-lime/p/itmejgfetkwnwfzh?pid=LPBEJGFEZNV23SVG,Khadi Lip Balm Pack of 2 Lime,"[""Beauty and Personal Care >> Body and Skin Care >> Lip Care >> Lip Balms >> Khadi Lip Balms >> Khadi Lip Balm Pack of 2 Lime (12 g)""]",LPBEJGFEZNV23SVG,140,130,,01-11-2022
http://www.flipkart.com/trendiez-15-6-inch-laptop-backpack/p/itmejgvnhymx2fqz?pid=LTBEJGVNHVHPUZ9G,TRENDIEZ 15.6 inch Laptop Backpack,"[""Computers >> Laptop Accessories >> Laptop Bags >> TRENDIEZ Laptop Bags >> TRENDIEZ 15.6 inch Laptop Backpack (black)""]",LTBEJGVNHVHPUZ9G,1350,740,,01-11-2022
http://www.flipkart.com/v-b-gallery-universal-3-1-clip-camera-professional-class-kit-fish-eye-wide-angle-macro-lens-mobile-phone-lens/p/itmejeg8fepfussh?pid=MPLEJEG8SDGZ4GGP,"V & B GALLERY Universal 3 in 1 Clip Camera professional class Kit (fish eye, wide angle and macro lens) Mobile Phone Lens","[""Mobiles & Accessories >> Mobile Accessories >> Mobile Phone Lens >> V & B GALLERY Mobile Phone Lens >> V & B GALLERY Universal 3 in 1 Clip Camera profe...""]",MPLEJEG8SDGZ4GGP,499,169,,01-11-2022
http://www.flipkart.com/adidas-indclub-em-guar-elbow-guard/p/itmejgqchrnk7wze?pid=GUAEJGQCYFSQKW2W,Adidas INDCLUB EM GUAR Elbow Guard,"[""Sports & Fitness >> Team Sports >> Cricket >> Cricket Guards >> Adidas Cricket Guards >> Adidas INDCLUB EM GUAR Elbow Guard (White, Blue,...""]",GUAEJGQCYFSQKW2W,429,429,,01-11-2022
http://www.flipkart.com/alark-ethnic-men-s-kurta-pyjama-set/p/itmejg2kpuynqpfd?pid=ETHEJG2KXFSM6SYG,Alark The Ethnic Men's Kurta and Pyjama Set,"[""Clothing >> Men's Clothing >> Ethnic Wear >> Sets >> Alark The Ethnic Sets >> Alark The Ethnic Men's Kurta and Pyjama Set""]",ETHEJG2KXFSM6SYG,1600,800,,01-11-2022
http://www.flipkart.com/retail-shop-india-printed-girl-s-straight-kurta/p/itmejfr3b3pfph8w?pid=KTAEJFR3WZTZVXU5,RETAIL SHOP INDIA Printed Girl's Straight Kurta,"[""Clothing >> Kids' Clothing >> Girls Wear >> Ethnic Wear >> Kurtas >> RETAIL SHOP INDIA Kurtas >> RETAIL SHOP INDIA Printed Girl's Straight Kurta""]",KTAEJFR3WZTZVXU5,799,799,,01-11-2022
http://www.flipkart.com/retail-shop-india-printed-girl-s-straight-kurta/p/itmejfr4ezmndskz?pid=KTAEJFR4GF6B45ZM,RETAIL SHOP INDIA Printed Girl's Straight Kurta,"[""Clothing >> Kids' Clothing >> Girls Wear >> Ethnic Wear >> Kurtas >> RETAIL SHOP INDIA Kurtas >> RETAIL SHOP INDIA Printed Girl's Straight Kurta""]",KTAEJFR4GF6B45ZM,899,899,,01-11-2022
http://www.flipkart.com/youdyco-girls-women-bellies/p/itmegszdgmwyesam?pid=SNDEGSZD4WHWUEPU,"YoudyCo Girls, Women Bellies","[""Footwear >> Women's Footwear >> Sports Sandals >> YoudyCo Girls, Women Bellies""]",SNDEGSZD4WHWUEPU,1055,699,,01-11-2022
http://www.flipkart.com/x-poz-women-s-grey-dungaree/p/itmec89ny6anwbku?pid=DRPEC89ZRJRNHUGH,X-Poz Women's Grey Dungaree,"[""Clothing >> Women's Clothing >> Western Wear >> Trousers & Capris >> Dungarees >> X-Poz Dungarees >> X-Poz Women's Grey Dungaree""]",DRPEC89ZRJRNHUGH,999,899,,01-11-2022
http://www.flipkart.com/retail-shop-india-printed-girl-s-straight-kurta/p/itmejfr2eguzmhr5?pid=KTAEJFR22QUF6CCX,RETAIL SHOP INDIA Printed Girl's Straight Kurta,"[""Clothing >> Kids' Clothing >> Girls Wear >> Ethnic Wear >> Kurtas >> RETAIL SHOP INDIA Kurtas >> RETAIL SHOP INDIA Printed Girl's Straight Kurta""]",KTAEJFR22QUF6CCX,499,499,,01-11-2022
http://www.flipkart.com/nutrispa-age-defying-day-care/p/itmej9e5pvewx5mg?pid=ATAEJ9E5YUYVUMSZ,Nutrispa Age Defying day care,"[""Beauty and Personal Care >> Body and Skin Care >> Face Care >> Anti Ageing >> Nutrispa Anti Ageing >> Nutrispa Age Defying day care (100 ml)""]",ATAEJ9E5YUYVUMSZ,415,332,,01-11-2022
http://www.flipkart.com/royal-men-s-pathani-suit-set/p/itmejg9fen8wahms?pid=ETHEJG9FWZ7NZ3GK,Royal Men's Pathani Suit Set,"[""Clothing >> Men's Clothing >> Ethnic Wear >> Sets >> Royal Sets >> Royal Men's Pathani Suit Set""]",ETHEJG9FWZ7NZ3GK,1999,1099,,01-11-2022
http://www.flipkart.com/nuteez-boy-s-printed-white-top-pyjama-set/p/itmehzr3rpmjahgt?pid=NSTEHZR6RYEWU5FS,Nuteez Boy's Printed White Top & Pyjama Set,"[""Clothing >> Kids' Clothing >> Boys Wear >> Innerwear & Sleepwear >> Night Suits >> Nuteez Night Suits >> Nuteez Boy's Printed White Top & Pyjama Set""]",NSTEHZR6RYEWU5FS,999,999,,01-11-2022
http://www.flipkart.com/domestiq-slippers/p/itmehwf44qs9wubs?pid=SFFEHWF4HP7HGYUH,domestiq Slippers,"[""Footwear >> Men's Footwear >> Slippers & Flip Flops >> domestiq Slippers & Flip Flops >> domestiq Slippers""]",SFFEHWF4HP7HGYUH,749,275,,01-11-2022
http://www.flipkart.com/perfect-women-s-leggings/p/itmehwdvfn2emsmv?pid=LJGEHWDVCNNGPECS,Perfect Women's Leggings,"[""Clothing >> Women's Clothing >> Ethnic Wear >> Ethnic Bottoms >> Leggings & Churidars >> Leggings & Jeggings >> Perfect Leggings & Jeggings >> Perfect Women's Leggings (Pack of 2)""]",LJGEHWDVCNNGPECS,998,598,,01-11-2022
http://www.flipkart.com/guardian-flip-flops/p/itmehvavxujhfj6v?pid=SFFEHVAVYGCD3HSD,Guardian Flip Flops,"[""Footwear >> Men's Footwear >> Slippers & Flip Flops >> Guardian Slippers & Flip Flops >> Guardian Flip Flops""]",SFFEHVAVYGCD3HSD,599,289,,01-11-2022
http://www.flipkart.com/eternity-handcrafted-unique-mosaic-glass-table-lamp/p/itmehakf9tmytjkt?pid=TLPEHAKFGFC9QPM4,Eternity Handcrafted unique Mosaic Glass Table Lamp,"[""Home Decor & Festive Needs >> Decorative Lighting & Lamps >> Table Lamps >> Eternity Table Lamps >> Eternity Handcrafted unique Mosaic Glass Table L...""]",TLPEHAKFGFC9QPM4,1699,1499,,01-11-2022
http://www.flipkart.com/bodysense-men-s-vest/p/itmehqbmbfmdzzes?pid=VESEHQBMFTXS6NSH,BODYSENSE Men's Vest,"[""Clothing >> Men's Clothing >> Inner Wear & Sleep Wear >> Vests >> BODYSENSE Vests >> BODYSENSE Men's Vest (Pack of 5)""]",VESEHQBMFTXS6NSH,1400,750,,01-11-2022
http://www.flipkart.com/himgiri-women-s-leggings/p/itmehwdyxxyxa26x?pid=LJGEHWCZAHHC6GME,HIMGIRI Women's Leggings,"[""Clothing >> Women's Clothing >> Ethnic Wear >> Ethnic Bottoms >> Leggings & Churidars >> Leggings & Jeggings >> HIMGIRI Leggings & Jeggings >> HIMGIRI Women's Leggings (Pack of 4)""]",LJGEHWCZAHHC6GME,1899,799,,01-11-2022
http://www.flipkart.com/odoky-men-s-vest/p/itmehr7hpfjhtuwv?pid=VESEHR7GYNHCJUJF,Odoky Men's Vest,"[""Clothing >> Men's Clothing >> Inner Wear & Sleep Wear >> Vests >> Odoky Vests >> Odoky Men's Vest (Pack of 3)""]",VESEHR7GYNHCJUJF,999,399,,01-11-2022
http://www.flipkart.com/fashion-plus-flip-flops/p/itmehuaubyhcxggn?pid=SFFEHUAUGA5GBTYZ,Fashion Plus Flip Flops,"[""Footwear >> Men's Footwear >> Slippers & Flip Flops >> Fashion Plus Slippers & Flip Flops >> Fashion Plus Flip Flops""]",SFFEHUAUGA5GBTYZ,499,225,,01-11-2022
http://www.flipkart.com/exotic-india-bhagwan-vishnu-showpiece-22-86-cm/p/itme3qdhtpvcbytx?pid=SHIE3QDHFYNWATPT,Exotic India Bhagwan Vishnu Showpiece  -  22.86 cm,"[""Home Decor & Festive Needs >> Showpieces >> Exotic India Showpieces""]",SHIE3QDHFYNWATPT,4375,3850,,01-11-2022
http://www.flipkart.com/levis-kids-casual-short-sleeve-printed-girl-s-top/p/itmea8hqmjupeg4a?pid=TOPDYAZZG5NU7ZBZ,Levis Kids Casual Short Sleeve Printed Girl's Top,"[""Clothing >> Kids' Clothing >> Girls Wear >> T-Shirts & Tops >> Tops >> Levis Kids Tops""]",TOPDYAZZG5NU7ZBZ,699,350,,01-11-2022
http://www.flipkart.com/samsung-clp-k300a-black-toner-cartridge/p/itmdyvctj2yyrry8?pid=INKDYVCR6P5Y9JDF,Samsung CLP K300A Black Toner Cartridge,"[""Computers >> Computer Peripherals >> Printers & Inks >> Toners >> Samsung Toners""]",INKDYVCR6P5Y9JDF,3999,3999,,01-11-2022
http://www.flipkart.com/stellar-collections-slippers/p/itmehk9jpzd6jzhs?pid=SFFEHK9JZTUFV3HN,Stellar Collections Slippers,"[""Footwear >> Women's Footwear >> Slippers & Flip Flops >> Stellar Collections Slippers""]",SFFEHK9JZTUFV3HN,799,249,,01-11-2022
http://www.flipkart.com/glus-perfect-body-women-s-t-shirt-bra/p/itmebggvyacbmjtt?pid=BRAEBGGV3NPZHAGQ,Glus Perfect Body Women's T-Shirt Bra,"[""Clothing >> Women's Clothing >> Lingerie, Sleep & Swimwear >> Bras >> Glus Bras""]",BRAEBGGV3NPZHAGQ,899,399,,01-11-2022
http://www.flipkart.com/vaishna-fashion-women-s-full-coverage-bra/p/itme6zchd8dgffqf?pid=BRAE6ZCHAHQE5HD9,Vaishna Fashion Women's Full Coverage Bra,"[""Clothing >> Women's Clothing >> Lingerie, Sleep & Swimwear >> Bras >> Vaishna Bras""]",BRAE6ZCHAHQE5HD9,210,94,,01-11-2022
http://www.flipkart.com/s4s-stylish-women-s-push-up-bra/p/itmeckhxpzduj2y8?pid=BRAECKHYVJ8SSRQU,S4S Stylish Women's Push-up Bra,"[""Clothing >> Women's Clothing >> Lingerie, Sleep & Swimwear >> Bras >> S4S Bras""]",BRAECKHYVJ8SSRQU,949,300,,01-11-2022
http://www.flipkart.com/grafion-comfortable-women-s-full-coverage-bra/p/itme3tsh6a2gjf7y?pid=BRAE3TSHSGHYS8HD,Grafion Comfortable Women's Full Coverage Bra,"[""Clothing >> Women's Clothing >> Lingerie, Sleep & Swimwear >> Bras >> Grafion Bras""]",BRAE3TSHSGHYS8HD,499,149,,01-11-2022
http://www.flipkart.com/ploomz-fashion-women-s-t-shirt-bra/p/itme8wyhpedxgwus?pid=BRAE8WYHWQ2QA6JG,Ploomz Fashion Women's T-Shirt Bra,"[""Clothing >> Women's Clothing >> Lingerie, Sleep & Swimwear >> Bras >> Ploomz Bras""]",BRAE8WYHWQ2QA6JG,800,329,,01-11-2022
http://www.flipkart.com/younky-fashion-women-s-t-shirt-bra/p/itme5f3k3zft5zyg?pid=BRAE5F3KHPGUMPCW,Younky Fashion Women's T-Shirt Bra,"[""Clothing >> Women's Clothing >> Lingerie, Sleep & Swimwear >> Bras >> Younky Bras""]",BRAE5F3KHPGUMPCW,999,199,,01-11-2022
http://www.flipkart.com/grafion-comfort-feel-women-s-full-coverage-bra/p/itme8rsaacyzdesb?pid=BRAE8RSADX6YHAQT,Grafion by Grafion - Comfort Feel Women's Full Coverage Bra,"[""Clothing >> Women's Clothing >> Lingerie, Sleep & Swimwear >> Bras >> Grafion Bras""]",BRAE8RSADX6YHAQT,849,379,,01-11-2022
http://www.flipkart.com/hemali-c-cup-women-s-full-coverage-bra/p/itmebadvzvycyw5z?pid=BRAEBADVVRBUXZGN,Hemali C Cup Women's Full Coverage Bra,"[""Clothing >> Women's Clothing >> Lingerie, Sleep & Swimwear >> Bras >> Hemali Bras""]",BRAEBADVVRBUXZGN,1200,550,,01-11-2022
http://www.flipkart.com/florentyne-padded-push-up-bra-women-s/p/itmedx65dpztyaea?pid=BRAEDX65QNAZVKMS,Florentyne Padded Push-up Bra Women's Push-up Bra,"[""Clothing >> Women's Clothing >> Lingerie, Sleep & Swimwear >> Bras >> Florentyne Bras""]",BRAEDX65QNAZVKMS,850,399,,01-11-2022
http://www.flipkart.com/s4s-printed-women-s-full-coverage-bra/p/itmedsgakcp7baf4?pid=BRAEDSGAURJGHHU5,S4S Printed Women's Full Coverage Bra,"[""Clothing >> Women's Clothing >> Lingerie, Sleep & Swimwear >> Bras >> S4S Bras""]",BRAEDSGAURJGHHU5,1049,379,,01-11-2022
http://www.flipkart.com/wolfie-shiningbrown111-women-s-full-coverage-bra/p/itmebk7y3esmqqaf?pid=BRAEBKEQFBJ8CFQZ,Wolfie Shiningbrown111 Women's Full Coverage Bra,"[""Clothing >> Women's Clothing >> Lingerie, Sleep & Swimwear >> Bras >> Wolfie Bras""]",BRAEBKEQFBJ8CFQZ,999,339,,01-11-2022
http://www.flipkart.com/q-rious-adore-women-s-balconette-bra/p/itme5pkz7m2vzh9z?pid=BRAE5PKZVRNXECR2,Q-rious Adore Women's Balconette Bra,"[""Clothing >> Women's Clothing >> Lingerie, Sleep & Swimwear >> Bras >> Q-rious Bras""]",BRAE5PKZVRNXECR2,359,149,,01-11-2022
http://www.flipkart.com/luxemburg-bandaeu-women-s-tube-bra/p/itme6mpeayjkxaj4?pid=BRAE6MPEE4X6CMB4,Luxemburg Bandaeu Women's Tube Bra,"[""Clothing >> Women's Clothing >> Lingerie, Sleep & Swimwear >> Bras >> Luxemburg Bras""]",BRAE6MPEE4X6CMB4,999,349,,01-11-2022
http://www.flipkart.com/two-dots-comfortable-women-s-sports-bra/p/itmebuhyjjggzygw?pid=BRAEBUHYHEYKZKHK,Two Dots Comfortable Women's Sports Bra,"[""Clothing >> Women's Clothing >> Lingerie, Sleep & Swimwear >> Bras >> Two Dots Bras""]",BRAEBUHYHEYKZKHK,998,449,,01-11-2022
http://www.flipkart.com/prettysecrets-fashion-women-s-push-up-bra/p/itme73kfknnkfm72?pid=BRAE73KFH8NEHZGS,PrettySecrets Fashion Women's Push-up Bra,"[""Clothing >> Women's Clothing >> Lingerie, Sleep & Swimwear >> Bras >> PrettySecrets Bras""]",BRAE73KFH8NEHZGS,699,699,,01-11-2022
http://www.flipkart.com/ploomz-fashion-women-s-full-coverage-bra/p/itme8wyhmwrpqbtd?pid=BRAE8WYHMEGNHGQA,Ploomz Fashion Women's Full Coverage Bra,"[""Clothing >> Women's Clothing >> Lingerie, Sleep & Swimwear >> Bras >> Ploomz Bras""]",BRAE8WYHMEGNHGQA,800,349,,01-11-2022
http://www.flipkart.com/s4s-stylish-women-s-push-up-bra/p/itmedqedag3g5eq8?pid=BRAEDQEDVTAKHTX7,S4S Stylish Women's Push-up Bra,"[""Clothing >> Women's Clothing >> Lingerie, Sleep & Swimwear >> Bras >> S4S Bras""]",BRAEDQEDVTAKHTX7,949,289,,01-11-2022
http://www.flipkart.com/grafion-comfortable-women-s-full-coverage-bra/p/itme3tshvexngzsr?pid=BRAE3TSHRTGMZA44,Grafion Comfortable Women's Full Coverage Bra,"[""Clothing >> Women's Clothing >> Lingerie, Sleep & Swimwear >> Bras >> Grafion Bras""]",BRAE3TSHRTGMZA44,499,89,,01-11-2022
http://www.flipkart.com/status-multi-color-women-s-full-coverage-bra/p/itmecfaqn7tjscxw?pid=BRAECFARXU3A3TNK,Status Multi Color Women's Full Coverage Bra,"[""Clothing >> Women's Clothing >> Lingerie, Sleep & Swimwear >> Bras >> Status Bras""]",BRAECFARXU3A3TNK,700,299,,01-11-2022
http://www.flipkart.com/s4s-stylish-women-s-push-up-bra/p/itmedsgazgf4zkvg?pid=BRAEDSGBX5MZ2TTG,S4S Stylish Women's Push-up Bra,"[""Clothing >> Women's Clothing >> Lingerie, Sleep & Swimwear >> Bras >> S4S Bras""]",BRAEDSGBX5MZ2TTG,1049,379,,01-11-2022
http://www.flipkart.com/ploomz-women-s-push-up-bra/p/itmee6ymjpjmms5c?pid=BRAEE6YMNVVG9NXY,Ploomz Women's Push-up Bra,"[""Clothing >> Women's Clothing >> Lingerie, Sleep & Swimwear >> Bras >> Ploomz Bras""]",BRAEE6YMNVVG9NXY,1300,399,,01-11-2022
http://www.flipkart.com/status-fashionable-women-s-t-shirt-bra/p/itme7sqfxgazghtz?pid=BRAE7SQFYUNRAHH5,Status Fashionable Women's T-Shirt Bra,"[""Clothing >> Women's Clothing >> Lingerie, Sleep & Swimwear >> Bras >> Status Bras""]",BRAE7SQFYUNRAHH5,1000,350,,01-11-2022
http://www.flipkart.com/s4s-stylish-women-s-push-up-bra/p/itmeckhxkxtpxea9?pid=BRAECKHYUPMRFRTZ,S4S Stylish Women's Push-up Bra,"[""Clothing >> Women's Clothing >> Lingerie, Sleep & Swimwear >> Bras >> S4S Bras""]",BRAECKHYUPMRFRTZ,949,300,,01-11-2022
http://www.flipkart.com/s4s-stylish-women-s-push-up-bra/p/itmeckhxt9wxzvkt?pid=BRAECKHYMACXWRPQ,S4S Stylish Women's Push-up Bra,"[""Clothing >> Women's Clothing >> Lingerie, Sleep & Swimwear >> Bras >> S4S Bras""]",BRAECKHYMACXWRPQ,849,225,,01-11-2022
http://www.flipkart.com/grafion-comfort-feel-women-s-full-coverage-bra/p/itme8qnfb7vjugg7?pid=BRAE8QNFYHCSFHAD,Grafion by Grafion - Comfort Feel Women's Full Coverage Bra,"[""Clothing >> Women's Clothing >> Lingerie, Sleep & Swimwear >> Bras >> Grafion Bras""]",BRAE8QNFYHCSFHAD,649,289,,01-11-2022
http://www.flipkart.com/ploomz-women-s-t-shirt-bra/p/itmee6ym8keecjc5?pid=BRAEE6YMJ9MUYSHV,Ploomz Women's T-Shirt Bra,"[""Clothing >> Women's Clothing >> Lingerie, Sleep & Swimwear >> Bras >> Ploomz Bras""]",BRAEE6YMJ9MUYSHV,1000,399,,01-11-2022
http://www.flipkart.com/madaam-nonpadded-women-s-tube-bra/p/itme7y46gbhrvhfe?pid=BRAE7Y46NQNWP8PG,Madaam NonPadded Women's Tube Bra,"[""Clothing >> Women's Clothing >> Lingerie, Sleep & Swimwear >> Bras >> Madaam Bras""]",BRAE7Y46NQNWP8PG,367,127,,01-11-2022
http://www.flipkart.com/s4s-comfortable-women-s-full-coverage-bra/p/itmedskckzqnmz5p?pid=BRAEDSKCXVNYXGA6,S4S Comfortable Women's Full Coverage Bra,"[""Clothing >> Women's Clothing >> Lingerie, Sleep & Swimwear >> Bras >> S4S Bras""]",BRAEDSKCXVNYXGA6,799,225,,01-11-2022
http://www.flipkart.com/laceandme-super-comfort-bandeau-women-s-tube-bra/p/itme7v2uy9gunx7z?pid=BRAE7V2UTY5PYTRT,Laceandme Super Comfort Bandeau Women's Tube Bra,"[""Clothing >> Women's Clothing >> Lingerie, Sleep & Swimwear >> Bras >> Laceandme Bras""]",BRAE7V2UTY5PYTRT,450,140,,01-11-2022
http://www.flipkart.com/grafion-comfort-feel-women-s-full-coverage-bra/p/itmebcy3thkgmxrv?pid=BRAEBCY3PVYHYSTG,Grafion by Grafion - Comfort Feel Women's Full Coverage Bra,"[""Clothing >> Women's Clothing >> Lingerie, Sleep & Swimwear >> Bras >> Grafion Bras""]",BRAEBCY3PVYHYSTG,1349,359,,01-11-2022
http://www.flipkart.com/ploomz-women-s-push-up-bra/p/itmee6krgphh5qyt?pid=BRAEE6KRYYYX2KGQ,Ploomz Women's Push-up Bra,"[""Clothing >> Women's Clothing >> Lingerie, Sleep & Swimwear >> Bras >> Ploomz Bras""]",BRAEE6KRYYYX2KGQ,1400,399,,01-11-2022
http://www.flipkart.com/grafion-comfort-feel-women-s-full-coverage-bra/p/itme8qnfpzvqztbg?pid=BRAE8QNFXPTNHXKB,Grafion by Grafion - Comfort Feel Women's Full Coverage Bra,"[""Clothing >> Women's Clothing >> Lingerie, Sleep & Swimwear >> Bras >> Grafion Bras""]",BRAE8QNFXPTNHXKB,649,299,,01-11-2022
http://www.flipkart.com/itsmuahlife-dazzle-women-s-full-coverage-bra/p/itmeaqmacbppuh8k?pid=BRAEAQMANF5GRRDB,Itsmuahlife by ItsMuahLife - Dazzle Women's Full Coverage Bra,"[""Clothing >> Women's Clothing >> Lingerie, Sleep & Swimwear >> Bras >> Itsmuahlife Bras""]",BRAEAQMANF5GRRDB,999,299,,01-11-2022
http://www.flipkart.com/s4s-comfortable-women-s-full-coverage-bra/p/itmedsgqjtnrdtz3?pid=BRAEDSGQVSTGKAYQ,S4S Comfortable Women's Full Coverage Bra,"[""Clothing >> Women's Clothing >> Lingerie, Sleep & Swimwear >> Bras >> S4S Bras""]",BRAEDSGQVSTGKAYQ,499,122,,01-11-2022
http://www.flipkart.com/younky-fashion-women-s-full-coverage-bra/p/itme3p8yzvt2fhyv?pid=BRAE3P8YHUMGMYJE,Younky Fashion Women's Full Coverage Bra,"[""Clothing >> Women's Clothing >> Lingerie, Sleep & Swimwear >> Bras >> Younky Bras""]",BRAE3P8YHUMGMYJE,1599,149,,01-11-2022
http://www.flipkart.com/floozy-its-my-choice-women-s-push-up-bra/p/itme8gc4jzthkfqu?pid=BRAE8GC4STNFGQYF,Floozy Its My Choice Women's Push-up Bra,"[""Clothing >> Women's Clothing >> Lingerie, Sleep & Swimwear >> Bras >> Floozy Bras""]",BRAE8GC4STNFGQYF,1299,200,,01-11-2022
http://www.flipkart.com/ladyland-mybra-women-s-full-coverage-bra/p/itme7mbpzsrnrzws?pid=BRAE7MBPWCQWDZCZ,Ladyland Mybra Women's Full Coverage Bra,"[""Clothing >> Women's Clothing >> Lingerie, Sleep & Swimwear >> Bras >> Ladyland Bras""]",BRAE7MBPWCQWDZCZ,899,369,,01-11-2022
http://www.flipkart.com/vaishna-fashion-women-s-full-coverage-bra/p/itme74brvyxnbt7x?pid=BRAE74BRUJV9K63H,Vaishna Fashion Women's Full Coverage Bra,"[""Clothing >> Women's Clothing >> Lingerie, Sleep & Swimwear >> Bras >> Vaishna Bras""]",BRAE74BRUJV9K63H,600,249,,01-11-2022
http://www.flipkart.com/tia-ten-polka-women-s-push-up-bra/p/itme5rwpv2zzvwpg?pid=BRAE5RWPVHKFKG2U,Tia by Ten on Ten Polka Women's Push-up Bra,"[""Clothing >> Women's Clothing >> Lingerie, Sleep & Swimwear >> Bras >> Tia by Ten on Ten Bras""]",BRAE5RWPVHKFKG2U,1199,215,,01-11-2022
http://www.flipkart.com/s4s-stylish-women-s-push-up-bra/p/itmebbmqnhbnqzfj?pid=BRAEBBMQY9VZRC7G,S4S Stylish Women's Push-up Bra,"[""Clothing >> Women's Clothing >> Lingerie, Sleep & Swimwear >> Bras >> S4S Bras""]",BRAEBBMQY9VZRC7G,1099,459,,01-11-2022
http://www.flipkart.com/vivity-women-s-plunge-bra/p/itmefr6jwdnkjuk9?pid=BRAEFR6KTR6HRRTK,Vivity Women's Plunge Bra,"[""Clothing >> Women's Clothing >> Lingerie, Sleep & Swimwear >> Bras >> Vivity Bras""]",BRAEFR6KTR6HRRTK,1000,299,,01-11-2022
http://www.flipkart.com/sap-net-padded-women-s-full-coverage-bra/p/itme785rvw77ckcd?pid=BRAE785SGF7FDQ2P,SAP Net Padded Women's Full Coverage Bra,"[""Clothing >> Women's Clothing >> Lingerie, Sleep & Swimwear >> Bras >> SAP Bras""]",BRAE785SGF7FDQ2P,1700,550,,01-11-2022
http://www.flipkart.com/s4s-stylish-women-s-push-up-bra/p/itmebbyrg7pwyp9b?pid=BRAEBBYRYT9WDJRQ,S4S Stylish Women's Push-up Bra,"[""Clothing >> Women's Clothing >> Lingerie, Sleep & Swimwear >> Bras >> S4S Bras""]",BRAEBBYRYT9WDJRQ,999,400,,01-11-2022
http://www.flipkart.com/scorpio-fashions-women-s-t-shirt-bra/p/itmee2wgcynygpdd?pid=BRAEE2WG5FTSCEP8,Scorpio Fashions Women's T-Shirt Bra,"[""Clothing >> Women's Clothing >> Lingerie, Sleep & Swimwear >> Bras >> Scorpio Fashions Bras""]",BRAEE2WG5FTSCEP8,899,249,,01-11-2022
http://www.flipkart.com/s4s-women-s-full-coverage-bra/p/itmectfyttawathg?pid=BRAECTFYUXFSVZHE,S4S Women's Full Coverage Bra,"[""Clothing >> Women's Clothing >> Lingerie, Sleep & Swimwear >> Bras >> S4S Bras""]",BRAECTFYUXFSVZHE,649,149,,01-11-2022
http://www.flipkart.com/status-fashionable-women-s-t-shirt-bra/p/itme7sqfnjejbzng?pid=BRAE7SQFUBCGUCWT,Status Fashionable Women's T-Shirt Bra,"[""Clothing >> Women's Clothing >> Lingerie, Sleep & Swimwear >> Bras >> Status Bras""]",BRAE7SQFUBCGUCWT,1000,399,,01-11-2022
http://www.flipkart.com/soul-whisperer-women-s-full-coverage-bra/p/itmedxpfkeqyvyr5?pid=BRAEDXPFA43N8HW9,Soul Whisperer Women's Full Coverage Bra,"[""Clothing >> Women's Clothing >> Lingerie, Sleep & Swimwear >> Bras >> Soul Whisperer Bras""]",BRAEDXPFA43N8HW9,499,97,,01-11-2022
http://www.flipkart.com/s4s-stylish-women-s-push-up-bra/p/itmeb2ztuczmggmu?pid=BRAEB2ZTW8HKBSQU,S4S Stylish Women's Push-up Bra,"[""Clothing >> Women's Clothing >> Lingerie, Sleep & Swimwear >> Bras >> S4S Bras""]",BRAEB2ZTW8HKBSQU,649,159,,01-11-2022
http://www.flipkart.com/grafion-comfortable-women-s-full-coverage-bra/p/itme3tshhqgkrmxt?pid=BRAE3TSHW492YGSS,Grafion Comfortable Women's Full Coverage Bra,"[""Clothing >> Women's Clothing >> Lingerie, Sleep & Swimwear >> Bras >> Grafion Bras""]",BRAE3TSHW492YGSS,499,109,,01-11-2022
http://www.flipkart.com/status-push-up-women-s-t-shirt-bra/p/itme7sqfjg8cqfrg?pid=BRAE7SQFKFNVCTB9,Status Push-Up Women's T-Shirt Bra,"[""Clothing >> Women's Clothing >> Lingerie, Sleep & Swimwear >> Bras >> Status Bras""]",BRAE7SQFKFNVCTB9,700,299,,01-11-2022
http://www.flipkart.com/grafion-comfort-feel-women-s-full-coverage-bra/p/itme93yw9dxz48hf?pid=BRAE93YWVTRVXEZC,Grafion Comfort Feel Women's Full Coverage Bra,"[""Clothing >> Women's Clothing >> Lingerie, Sleep & Swimwear >> Bras >> Grafion Bras""]",BRAE93YWVTRVXEZC,899,379,,01-11-2022
http://www.flipkart.com/our-rituals-cdpy35-women-s-tube-bra/p/itmear7xynwpnjhp?pid=BRAEAR7W3UGEZESY,Our Rituals CDPY35 Women's Tube Bra,"[""Clothing >> Women's Clothing >> Lingerie, Sleep & Swimwear >> Bras >> Our Rituals Bras""]",BRAEAR7W3UGEZESY,600,270,,01-11-2022
http://www.flipkart.com/secret-wish-cherry-print-navy-underwired-women-s-full-coverage-bra/p/itme3wycvdypdcd7?pid=BRAE44SCYYFM74DE,Secret Wish Cherry Print Navy Underwired Women's Full Coverage Bra,"[""Clothing >> Women's Clothing >> Lingerie, Sleep & Swimwear >> Bras >> Secret Wish Bras""]",BRAE44SCYYFM74DE,1198,299,,01-11-2022
http://www.flipkart.com/oleva-full-coverage-bra/p/itmecpq53x3bvum5?pid=BRAECPQ5HFH5NFAK,Oleva Full Coverage Bra,"[""Clothing >> Women's Clothing >> Lingerie, Sleep & Swimwear >> Bras >> Oleva Bras""]",BRAECPQ5HFH5NFAK,999,299,,01-11-2022
http://www.flipkart.com/la-verite-pro-women-s-tube-bra/p/itmebxrbfgba7hjz?pid=BRAEBXRBCCJAF72G,La Verite Pro Women's Tube Bra,"[""Clothing >> Women's Clothing >> Lingerie, Sleep & Swimwear >> Bras >> La Verite Bras""]",BRAEBXRBCCJAF72G,499,190,,01-11-2022
http://www.flipkart.com/younky-fashion-women-s-t-shirt-bra/p/itme5f3katejpgfh?pid=BRAE5F3KK3YG52UR,Younky Fashion Women's T-Shirt Bra,"[""Clothing >> Women's Clothing >> Lingerie, Sleep & Swimwear >> Bras >> Younky Bras""]",BRAE5F3KK3YG52UR,999,149,,01-11-2022
http://www.flipkart.com/s4s-stylish-women-s-push-up-bra/p/itmebbmq7ghyh7g6?pid=BRAEBBMQZDMZAEBV,S4S Stylish Women's Push-up Bra,"[""Clothing >> Women's Clothing >> Lingerie, Sleep & Swimwear >> Bras >> S4S Bras""]",BRAEBBMQZDMZAEBV,749,189,,01-11-2022
http://www.flipkart.com/urbaano-bridal-bra-pack-women-s-full-coverage/p/itmearzhexth6ppg?pid=BRAEARZHKSTMZSZ5,Urbaano Bridal Bra Pack Women's Full Coverage Bra,"[""Clothing >> Women's Clothing >> Lingerie, Sleep & Swimwear >> Bras >> Urbaano Bras""]",BRAEARZHKSTMZSZ5,990,459,,01-11-2022
http://www.flipkart.com/la-verite-pro-women-s-tube-bra/p/itmebxrbfyhgbpjv?pid=BRAEBXRBYHBYZ3NK,La Verite Pro Women's Tube Bra,"[""Clothing >> Women's Clothing >> Lingerie, Sleep & Swimwear >> Bras >> La Verite Bras""]",BRAEBXRBYHBYZ3NK,499,190,,01-11-2022
http://www.flipkart.com/hemali-fashion-women-s-full-coverage-bra/p/itme4f8nwmfzauwc?pid=BRAE4F8NCQJFTGEZ,Hemali Fashion Women's Full Coverage Bra,"[""Clothing >> Women's Clothing >> Lingerie, Sleep & Swimwear >> Bras >> Hemali Bras""]",BRAE4F8NCQJFTGEZ,1200,499,,01-11-2022
http://www.flipkart.com/la-verite-pro-women-s-tube-bra/p/itmebxrbuqcuhvpd?pid=BRAEBXRB322WRYZF,La Verite Pro Women's Tube Bra,"[""Clothing >> Women's Clothing >> Lingerie, Sleep & Swimwear >> Bras >> La Verite Bras""]",BRAEBXRB322WRYZF,499,190,,01-11-2022
http://www.flipkart.com/status-mansi-black-women-s-push-up-bra/p/itmecfaqthex5jqm?pid=BRAECFARYPGBGYMW,Status Mansi Black Women's Push-up Bra,"[""Clothing >> Women's Clothing >> Lingerie, Sleep & Swimwear >> Bras >> Status Bras""]",BRAECFARYPGBGYMW,700,299,,01-11-2022
http://www.flipkart.com/hemali-transparent-women-s-push-up-bra/p/itmebadvfz4czngw?pid=BRAEBADVMBA59K3P,Hemali Transparent Women's Push-up Bra,"[""Clothing >> Women's Clothing >> Lingerie, Sleep & Swimwear >> Bras >> Hemali Bras""]",BRAEBADVMBA59K3P,1200,499,,01-11-2022
http://www.flipkart.com/s4s-stylish-women-s-push-up-bra/p/itmeb2ztkvkyf9c4?pid=BRAEB2ZTZVZNJRVT,S4S Stylish Women's Push-up Bra,"[""Clothing >> Women's Clothing >> Lingerie, Sleep & Swimwear >> Bras >> S4S Bras""]",BRAEB2ZTZVZNJRVT,799,200,,01-11-2022
http://www.flipkart.com/ploomz-women-s-t-shirt-bra/p/itmee6kra876znch?pid=BRAEE6KRZQSEBSQJ,Ploomz Women's T-Shirt Bra,"[""Clothing >> Women's Clothing >> Lingerie, Sleep & Swimwear >> Bras >> Ploomz Bras""]",BRAEE6KRZQSEBSQJ,1000,349,,01-11-2022
http://www.flipkart.com/vaishna-fashion-women-s-full-coverage-bra/p/itme6z79gcrgkfbe?pid=BRAE6Z79SBPKJ8GS,Vaishna Fashion Women's Full Coverage Bra,"[""Clothing >> Women's Clothing >> Lingerie, Sleep & Swimwear >> Bras >> Vaishna Bras""]",BRAE6Z79SBPKJ8GS,200,94,,01-11-2022
http://www.flipkart.com/q-rious-infactuate-women-s-balconette-bra/p/itme4dhznfsxahg4?pid=BRAE4DHZDPMTFZHC,Q-rious Infactuate Women's Balconette Bra,"[""Clothing >> Women's Clothing >> Lingerie, Sleep & Swimwear >> Bras >> Q-rious Bras""]",BRAE4DHZDPMTFZHC,359,139,,01-11-2022
http://www.flipkart.com/younky-blue-women-s-full-coverage-bra/p/itmeam6pzetxrjxv?pid=BRAEAM6P8NGS3EYZ,Younky Blue Women's Full Coverage Bra,"[""Clothing >> Women's Clothing >> Lingerie, Sleep & Swimwear >> Bras >> Younky Bras""]",BRAEAM6P8NGS3EYZ,399,149,,01-11-2022
http://www.flipkart.com/ladyland-dia-beige-women-s-full-coverage-bra/p/itme8mx2canxrt6h?pid=BRAE8MX2DNXVEDNH,Ladyland Dia Beige Women's Full Coverage Bra,"[""Clothing >> Women's Clothing >> Lingerie, Sleep & Swimwear >> Bras >> Ladyland Bras""]",BRAE8MX2DNXVEDNH,1499,529,,01-11-2022
http://www.flipkart.com/urbaano-women-s-full-coverage-bra/p/itmeyfdchpzdfmuk?pid=BRAEYFDCXRHPBEVZ,Urbaano Women's Full Coverage Bra,"[""Clothing >> Women's Clothing >> Lingerie, Sleep & Swimwear >> Bras >> Urbaano Bras""]",BRAEYFDCXRHPBEVZ,780,315,,01-11-2022
http://www.flipkart.com/grafion-comfort-feel-women-s-tube-bra/p/itmebcy3q2sy9fsy?pid=BRAEBCY3MM4KMB3Q,Grafion by Grafion - Comfort Feel Women's Tube Bra,"[""Clothing >> Women's Clothing >> Lingerie, Sleep & Swimwear >> Bras >> Grafion Bras""]",BRAEBCY3MM4KMB3Q,1499,399,,01-11-2022
http://www.flipkart.com/younky-fashion-women-s-full-coverage-bra/p/itme3p8yvded3gxk?pid=BRAE3P8YE4GVXVYG,Younky Fashion Women's Full Coverage Bra,"[""Clothing >> Women's Clothing >> Lingerie, Sleep & Swimwear >> Bras >> Younky Bras""]",BRAE3P8YE4GVXVYG,999,149,,01-11-2022
http://www.flipkart.com/vivity-casual-women-s-full-coverage-bra/p/itme8jugzjxbekjc?pid=BRAE8JUGDZBU9VR7,Vivity Casual Women's Full Coverage Bra,"[""Clothing >> Women's Clothing >> Lingerie, Sleep & Swimwear >> Bras >> Vivity Bras""]",BRAE8JUGDZBU9VR7,1800,499,,01-11-2022
http://www.flipkart.com/s4s-stylish-women-s-push-up-bra/p/itmebbmqfa3hg8hz?pid=BRAEBBMQZCKGFFGH,S4S Stylish Women's Push-up Bra,"[""Clothing >> Women's Clothing >> Lingerie, Sleep & Swimwear >> Bras >> S4S Bras""]",BRAEBBMQZCKGFFGH,749,189,,01-11-2022
http://www.flipkart.com/s4s-printed-women-s-full-coverage-bra/p/itmebbyrdyv2rjsd?pid=BRAEBBYRRZXUCNKX,S4S Printed Women's Full Coverage Bra,"[""Clothing >> Women's Clothing >> Lingerie, Sleep & Swimwear >> Bras >> S4S Bras""]",BRAEBBYRRZXUCNKX,899,266,,01-11-2022
http://www.flipkart.com/s4s-stylish-women-s-push-up-bra/p/itmebbyrn8sk3prc?pid=BRAEBBYRUG384YFE,S4S Stylish Women's Push-up Bra,"[""Clothing >> Women's Clothing >> Lingerie, Sleep & Swimwear >> Bras >> S4S Bras""]",BRAEBBYRUG384YFE,899,300,,01-11-2022
http://www.flipkart.com/glus-fillet-women-s-plunge-bra/p/itmebg4dshe7cbhv?pid=BRAEBG4DCHJMRYZZ,Glus Fillet Women's Plunge Bra,"[""Clothing >> Women's Clothing >> Lingerie, Sleep & Swimwear >> Bras >> Glus Bras""]",BRAEBG4DCHJMRYZZ,899,399,,01-11-2022
http://www.flipkart.com/grafion-comfort-feel-women-s-full-coverage-bra/p/itme8tfhzx9swsgh?pid=BRAE8TFMPNB5GSF5,Grafion by Grafion - Comfort Feel Women's Full Coverage Bra,"[""Clothing >> Women's Clothing >> Lingerie, Sleep & Swimwear >> Bras >> Grafion Bras""]",BRAE8TFMPNB5GSF5,899,389,,01-11-2022
http://www.flipkart.com/s4s-comfortable-women-s-full-coverage-bra/p/itmeb2zt4dcfgj9v?pid=BRAEB2ZTQF7MDZNN,S4S Comfortable Women's Full Coverage Bra,"[""Clothing >> Women's Clothing >> Lingerie, Sleep & Swimwear >> Bras >> S4S Bras""]",BRAEB2ZTQF7MDZNN,699,149,,01-11-2022
http://www.flipkart.com/laceandme-super-comfort-bandeau-women-s-tube-bra/p/itme7v2ugpwyscr4?pid=BRAE7V2UXPZMDHQ7,Laceandme Super Comfort Bandeau Women's Tube Bra,"[""Clothing >> Women's Clothing >> Lingerie, Sleep & Swimwear >> Bras >> Laceandme Bras""]",BRAE7V2UXPZMDHQ7,450,140,,01-11-2022
http://www.flipkart.com/our-rituals-cdmp26-women-s-tube-bra/p/itmear7xkeu5yzfc?pid=BRAEAR7WZPQGPBZU,Our Rituals CDMP26 Women's Tube Bra,"[""Clothing >> Women's Clothing >> Lingerie, Sleep & Swimwear >> Bras >> Our Rituals Bras""]",BRAEAR7WZPQGPBZU,600,270,,01-11-2022
http://www.flipkart.com/tia-ten-percy-women-s-t-shirt-bra/p/itmeb2s8hhc8v4uk?pid=BRAEB2S8CN7SHNVJ,Tia by Ten on Ten Percy Women's T-Shirt Bra,"[""Clothing >> Women's Clothing >> Lingerie, Sleep & Swimwear >> Bras >> Tia by Ten on Ten Bras""]",BRAEB2S8CN7SHNVJ,999,399,,01-11-2022
http://www.flipkart.com/s4s-stylish-women-s-push-up-bra/p/itmeckhxkkhvf9yg?pid=BRAECKHXH8BU3HBY,S4S Stylish Women's Push-up Bra,"[""Clothing >> Women's Clothing >> Lingerie, Sleep & Swimwear >> Bras >> S4S Bras""]",BRAECKHXH8BU3HBY,949,300,,01-11-2022
http://www.flipkart.com/peri-women-s-push-up-bra/p/itmdqzf5gr6hj89y?pid=BRADQZFYHJGCEDV6,Peri Peri Women's Push-up Bra,"[""Clothing >> Women's Clothing >> Lingerie, Sleep & Swimwear >> Bras >> Peri Peri Bras""]",BRADQZFYHJGCEDV6,999,349,,01-11-2022
http://www.flipkart.com/laceandme-naughty-lips-silicone-nipple-covers-women-s-stick-on-bra/p/itme6gehxg8pjwft?pid=BRAE6GEHJSUGE3FN,Laceandme Naughty Lips Silicone Nipple Covers Women's Stick-on Bra,"[""Clothing >> Women's Clothing >> Lingerie, Sleep & Swimwear >> Bras >> Laceandme Bras""]",BRAE6GEHJSUGE3FN,950,349,,01-11-2022
http://www.flipkart.com/s4s-women-s-full-coverage-bra/p/itmectfywrk9ycq3?pid=BRAECTFYNTXZP5HX,S4S Women's Full Coverage Bra,"[""Clothing >> Women's Clothing >> Lingerie, Sleep & Swimwear >> Bras >> S4S Bras""]",BRAECTFYNTXZP5HX,649,149,,01-11-2022
http://www.flipkart.com/vaishna-fashion-women-s-full-coverage-bra/p/itme6zcks49ap4sa?pid=BRAE6ZCKYRTT5HNN,Vaishna Fashion Women's Full Coverage Bra,"[""Clothing >> Women's Clothing >> Lingerie, Sleep & Swimwear >> Bras >> Vaishna Bras""]",BRAE6ZCKYRTT5HNN,400,169,,01-11-2022
http://www.flipkart.com/s4s-comfortable-women-s-full-coverage-bra/p/itmebbmqkh2p5r5h?pid=BRAEBBMQNJSQHT3G,S4S Comfortable Women's Full Coverage Bra,"[""Clothing >> Women's Clothing >> Lingerie, Sleep & Swimwear >> Bras >> S4S Bras""]",BRAEBBMQNJSQHT3G,849,225,,01-11-2022
http://www.flipkart.com/madaam-nonpadded-women-s-tube-bra/p/itme7y46kqznwptj?pid=BRAE7Y46N7YAFU2H,Madaam NonPadded Women's Tube Bra,"[""Clothing >> Women's Clothing >> Lingerie, Sleep & Swimwear >> Bras >> Madaam Bras""]",BRAE7Y46N7YAFU2H,367,127,,01-11-2022
http://www.flipkart.com/vivity-women-s-full-coverage-bra/p/itmefr6jm4nhhkhe?pid=BRAEFR6JZ6TD2JMY,Vivity Women's Full Coverage Bra,"[""Clothing >> Women's Clothing >> Lingerie, Sleep & Swimwear >> Bras >> Vivity Bras""]",BRAEFR6JZ6TD2JMY,1000,299,,01-11-2022
http://www.flipkart.com/our-rituals-cdpb43-women-s-tube-bra/p/itmear7xb7sdw2wj?pid=BRAEAR7WUVRVUAHY,Our Rituals CDPB43 Women's Tube Bra,"[""Clothing >> Women's Clothing >> Lingerie, Sleep & Swimwear >> Bras >> Our Rituals Bras""]",BRAEAR7WUVRVUAHY,600,270,,01-11-2022
http://www.flipkart.com/grafion-comfortable-women-s-full-coverage-bra/p/itme3tshzaxqarxj?pid=BRAE3TSHUNYCRAST,Grafion Comfortable Women's Full Coverage Bra,"[""Clothing >> Women's Clothing >> Lingerie, Sleep & Swimwear >> Bras >> Grafion Bras""]",BRAE3TSHUNYCRAST,499,99,,01-11-2022
http://www.flipkart.com/s4s-stylish-women-s-push-up-bra/p/itmebbyrthjtmvzn?pid=BRAEBBYRHPZNNP6Z,S4S Stylish Women's Push-up Bra,"[""Clothing >> Women's Clothing >> Lingerie, Sleep & Swimwear >> Bras >> S4S Bras""]",BRAEBBYRHPZNNP6Z,899,300,,01-11-2022
http://www.flipkart.com/jsr-paris-beauty-cotton-net-women-s-full-coverage-bra/p/itmeazefthecsa3g?pid=BRAEAZEFT8RSHGJJ,JSR Paris Beauty COTTON NET Women's Full Coverage Bra,"[""Clothing >> Women's Clothing >> Lingerie, Sleep & Swimwear >> Bras >> JSR Paris Beauty Bras""]",BRAEAZEFT8RSHGJJ,979,389,,01-11-2022
http://www.flipkart.com/ploomz-fashion-women-s-push-up-bra/p/itmea64beazkauby?pid=BRAEA64BHDD2JWWH,Ploomz Fashion Women's Push-up Bra,"[""Clothing >> Women's Clothing >> Lingerie, Sleep & Swimwear >> Bras >> Ploomz Bras""]",BRAEA64BHDD2JWWH,1400,399,,01-11-2022
http://www.flipkart.com/vivity-plain-women-s-full-coverage-bra/p/itme88869ygmacvb?pid=BRAE89DEFDRG5EK5,Vivity Plain Women's Full Coverage Bra,"[""Clothing >> Women's Clothing >> Lingerie, Sleep & Swimwear >> Bras >> Vivity Bras""]",BRAE89DEFDRG5EK5,1200,299,,01-11-2022
http://www.flipkart.com/showtime-women-s-full-coverage-t-shirt-bra/p/itmee3engxvgsy2j?pid=BRAEE3GEYSHHAYQN,"ShowTime Women's Full Coverage, T-Shirt Bra","[""Clothing >> Women's Clothing >> Lingerie, Sleep & Swimwear >> Bras >> ShowTime Bras""]",BRAEE3GEYSHHAYQN,299,135,,01-11-2022
http://www.flipkart.com/tia-ten-melange-women-s-full-coverage-bra/p/itme6fmzmbgrsah7?pid=BRAE6FMZQEWZ3G8P,Tia by Ten on Ten Melange Women's Full Coverage Bra,"[""Clothing >> Women's Clothing >> Lingerie, Sleep & Swimwear >> Bras >> Tia by Ten on Ten Bras""]",BRAE6FMZQEWZ3G8P,1199,189,,01-11-2022
http://www.flipkart.com/s4s-stylish-women-s-push-up-bra/p/itmedsgayn6jeq3z?pid=BRAEDSGBPHRAHEMU,S4S Stylish Women's Push-up Bra,"[""Clothing >> Women's Clothing >> Lingerie, Sleep & Swimwear >> Bras >> S4S Bras""]",BRAEDSGBPHRAHEMU,1049,379,,01-11-2022
http://www.flipkart.com/jsr-paris-beauty-pro-women-s-full-coverage-bra/p/itme3wvqshd5yzb9?pid=BRAE3WVQSRGWGHZV,JSR Paris Beauty Pro Women's Full Coverage Bra,"[""Clothing >> Women's Clothing >> Lingerie, Sleep & Swimwear >> Bras >> JSR Paris Beauty Bras""]",BRAE3WVQSRGWGHZV,349,156,,01-11-2022
http://www.flipkart.com/grafion-comfort-feel-women-s-full-coverage-bra/p/itmebcy39pzpvf7f?pid=BRAEBCY3U9ZWA3AG,Grafion by Grafion - Comfort Feel Women's Full Coverage Bra,"[""Clothing >> Women's Clothing >> Lingerie, Sleep & Swimwear >> Bras >> Grafion Bras""]",BRAEBCY3U9ZWA3AG,1449,389,,01-11-2022
http://www.flipkart.com/ladyland-daisy-pink-women-s-full-coverage-bra/p/itme8remwvqjbcz8?pid=BRAE8REMHA4XCZH6,Ladyland Daisy Pink Women's Full Coverage Bra,"[""Clothing >> Women's Clothing >> Lingerie, Sleep & Swimwear >> Bras >> Ladyland Bras""]",BRAE8REMHA4XCZH6,729,319,,01-11-2022
http://www.flipkart.com/younky-fashion-women-s-full-coverage-bra/p/itme3sgzayrfs6cn?pid=BRAE3SGZXAPZKGDK,Younky Fashion Women's Full Coverage Bra,"[""Clothing >> Women's Clothing >> Lingerie, Sleep & Swimwear >> Bras >> Younky Bras""]",BRAE3SGZXAPZKGDK,1299,149,,01-11-2022
http://www.flipkart.com/ploomz-fashion-women-s-full-coverage-bra/p/itme7kqvqhae46w5?pid=BRAE7KQVPZXEUTHY,Ploomz Fashion Women's Full Coverage Bra,"[""Clothing >> Women's Clothing >> Lingerie, Sleep & Swimwear >> Bras >> Ploomz Bras""]",BRAE7KQVPZXEUTHY,700,249,,01-11-2022
http://www.flipkart.com/pink-pearl-figure-women-s-full-coverage-bra/p/itmecfkhmxp8ktyk?pid=BRAECFKHXZ5TNW4N,Pink Pearl Figure Women's Full Coverage Bra,"[""Clothing >> Women's Clothing >> Lingerie, Sleep & Swimwear >> Bras >> Pink Pearl Bras""]",BRAECFKHXZ5TNW4N,799,349,,01-11-2022
http://www.flipkart.com/s4s-stylish-women-s-full-coverage-bra/p/itmebbyr8ht5jjyz?pid=BRAEBBYRZVQYHTSE,S4S Stylish Women's Full Coverage Bra,"[""Clothing >> Women's Clothing >> Lingerie, Sleep & Swimwear >> Bras >> S4S Bras""]",BRAEBBYRZVQYHTSE,849,225,,01-11-2022
http://www.flipkart.com/grafion-comfort-feel-women-s-full-coverage-bra/p/itme8rsaqsyg5ndj?pid=BRAE8RSARRKPHWUY,Grafion by Grafion - Comfort Feel Women's Full Coverage Bra,"[""Clothing >> Women's Clothing >> Lingerie, Sleep & Swimwear >> Bras >> Grafion Bras""]",BRAE8RSARRKPHWUY,899,389,,01-11-2022
http://www.flipkart.com/grafion-fashion-women-s-tube-bra/p/itme9u5hjvuhwuhn?pid=BRAE9TBZECJFUSBF,Grafion Fashion Women's Tube Bra,"[""Clothing >> Women's Clothing >> Lingerie, Sleep & Swimwear >> Bras >> Grafion Bras""]",BRAE9TBZECJFUSBF,899,279,,01-11-2022
http://www.flipkart.com/status-b-plus-cup-women-s-full-coverage-bra/p/itme7t3wzjaef6yq?pid=BRAE7T3WG36HBTQB,Status B Plus Cup Women's Full Coverage Bra,"[""Clothing >> Women's Clothing >> Lingerie, Sleep & Swimwear >> Bras >> Status Bras""]",BRAE7T3WG36HBTQB,600,199,,01-11-2022
http://www.flipkart.com/s4s-stylish-women-s-push-up-bra/p/itmeb2ztdgzf9vbz?pid=BRAEB2ZTUSHX6NU5,S4S Stylish Women's Push-up Bra,"[""Clothing >> Women's Clothing >> Lingerie, Sleep & Swimwear >> Bras >> S4S Bras""]",BRAEB2ZTUSHX6NU5,599,149,,01-11-2022
http://www.flipkart.com/tia-ten-perla-women-s-t-shirt-bra/p/itmeb2s8hq3qnuhd?pid=BRAEB2S8VJF83M8C,Tia by Ten on Ten Perla Women's T-Shirt Bra,"[""Clothing >> Women's Clothing >> Lingerie, Sleep & Swimwear >> Bras >> Tia by Ten on Ten Bras""]",BRAEB2S8VJF83M8C,999,399,,01-11-2022
http://www.flipkart.com/ladyland-liz-black-bra-women-s-full-coverage/p/itme8mvuhm4c53dp?pid=BRAE8MVUMSMBMNJS,Ladyland Liz Black Bra Women's Full Coverage Bra,"[""Clothing >> Women's Clothing >> Lingerie, Sleep & Swimwear >> Bras >> Ladyland Bras""]",BRAE8MVUMSMBMNJS,1599,539,,01-11-2022
http://www.flipkart.com/s4s-stylish-women-s-push-up-bra/p/itmebbmqywxvrmkt?pid=BRAEBBMQXKBAJCYA,S4S Stylish Women's Push-up Bra,"[""Clothing >> Women's Clothing >> Lingerie, Sleep & Swimwear >> Bras >> S4S Bras""]",BRAEBBMQXKBAJCYA,1099,459,,01-11-2022
http://www.flipkart.com/s4s-stylish-women-s-push-up-bra/p/itmeduxks4h7vyr8?pid=BRAEDUXKVAPEV9G6,S4S Stylish Women's Push-up Bra,"[""Clothing >> Women's Clothing >> Lingerie, Sleep & Swimwear >> Bras >> S4S Bras""]",BRAEDUXKVAPEV9G6,949,299,,01-11-2022
http://www.flipkart.com/oleva-full-coverage-bra/p/itmecpmhgtqbzhub?pid=BRAECPMHFGKYKJHA,Oleva Full Coverage Bra,"[""Clothing >> Women's Clothing >> Lingerie, Sleep & Swimwear >> Bras >> Oleva Bras""]",BRAECPMHFGKYKJHA,1299,299,,01-11-2022
http://www.flipkart.com/ploomz-fashion-women-s-full-coverage-bra/p/itme7kqvzmp3yfzx?pid=BRAE7KQVYF75XZRE,Ploomz Fashion Women's Full Coverage Bra,"[""Clothing >> Women's Clothing >> Lingerie, Sleep & Swimwear >> Bras >> Ploomz Bras""]",BRAE7KQVYF75XZRE,700,249,,01-11-2022
http://www.flipkart.com/s4s-women-s-full-coverage-bra/p/itmectfyyk7ytndw?pid=BRAECTFYJJNYCY3X,S4S Women's Full Coverage Bra,"[""Clothing >> Women's Clothing >> Lingerie, Sleep & Swimwear >> Bras >> S4S Bras""]",BRAECTFYJJNYCY3X,949,300,,01-11-2022
http://www.flipkart.com/s4s-comfortable-women-s-full-coverage-bra/p/itmebbmqgag3e6zu?pid=BRAEBBMQQNZ9RZWR,S4S Comfortable Women's Full Coverage Bra,"[""Clothing >> Women's Clothing >> Lingerie, Sleep & Swimwear >> Bras >> S4S Bras""]",BRAEBBMQQNZ9RZWR,999,329,,01-11-2022
http://www.flipkart.com/sap-printed-padded-women-s-full-coverage-bra/p/itme77mqsjrbzere?pid=BRAE77MQX7VEEG35,SAP Printed Padded Women's Full Coverage Bra,"[""Clothing >> Women's Clothing >> Lingerie, Sleep & Swimwear >> Bras >> SAP Bras""]",BRAE77MQX7VEEG35,1700,550,,01-11-2022
http://www.flipkart.com/vivity-comfortable-women-s-plunge-bra/p/itmecbdf2bcruvgn?pid=BRAECBDFHMH2VSWG,Vivity Comfortable Women's Plunge Bra,"[""Clothing >> Women's Clothing >> Lingerie, Sleep & Swimwear >> Bras >> Vivity Bras""]",BRAECBDFHMH2VSWG,1200,299,,01-11-2022
http://www.flipkart.com/grafion-comfortable-women-s-full-coverage-bra/p/itme3tshhtsadkxs?pid=BRAE3TSHWHCZVZW6,Grafion Comfortable Women's Full Coverage Bra,"[""Clothing >> Women's Clothing >> Lingerie, Sleep & Swimwear >> Bras >> Grafion Bras""]",BRAE3TSHWHCZVZW6,499,99,,01-11-2022
http://www.flipkart.com/s4s-stylish-women-s-full-coverage-bra/p/itmeb2ztedkgtz5j?pid=BRAEB2ZTMFRTJDDF,S4S Stylish Women's Full Coverage Bra,"[""Clothing >> Women's Clothing >> Lingerie, Sleep & Swimwear >> Bras >> S4S Bras""]",BRAEB2ZTMFRTJDDF,649,159,,01-11-2022
http://www.flipkart.com/florentyne-women-s-full-coverage-bra/p/itmedz7thdjzztzd?pid=BRAEDZ7TZZYJEXFG,Florentyne Women's Full Coverage Bra,"[""Clothing >> Women's Clothing >> Lingerie, Sleep & Swimwear >> Bras >> Florentyne Bras""]",BRAEDZ7TZZYJEXFG,850,399,,01-11-2022
http://www.flipkart.com/ladyland-stellah-women-s-full-coverage-bra/p/itme7mbpay6mhzta?pid=BRAE7MBPXNHC5QHM,Ladyland Stellah Women's Full Coverage Bra,"[""Clothing >> Women's Clothing >> Lingerie, Sleep & Swimwear >> Bras >> Ladyland Bras""]",BRAE7MBPXNHC5QHM,899,349,,01-11-2022
http://www.flipkart.com/s4s-stylish-women-s-full-coverage-bra/p/itmebbyrmze4udtg?pid=BRAEBBYRZJZFGSYY,S4S Stylish Women's Full Coverage Bra,"[""Clothing >> Women's Clothing >> Lingerie, Sleep & Swimwear >> Bras >> S4S Bras""]",BRAEBBYRZJZFGSYY,899,275,,01-11-2022
http://www.flipkart.com/grafion-comfort-feel-women-s-full-coverage-bra/p/itme8qnfgq8hnes3?pid=BRAE8QNFPH9CZSAQ,Grafion by Grafion - Comfort Feel Women's Full Coverage Bra,"[""Clothing >> Women's Clothing >> Lingerie, Sleep & Swimwear >> Bras >> Grafion Bras""]",BRAE8QNFPH9CZSAQ,649,289,,01-11-2022
http://www.flipkart.com/riya-gold-women-s-full-coverage-bra/p/itmedn377r7yhbsj?pid=BRAEDN37XKYGFKGR,Riya Gold Women's Full Coverage Bra,"[""Clothing >> Women's Clothing >> Lingerie, Sleep & Swimwear >> Bras >> Riya Gold Bras""]",BRAEDN37XKYGFKGR,540,249,,01-11-2022
http://www.flipkart.com/s4s-stylish-women-s-push-up-bra/p/itmedtnzymkfban8?pid=BRAEDTNZZHEJZXGZ,S4S Stylish Women's Push-up Bra,"[""Clothing >> Women's Clothing >> Lingerie, Sleep & Swimwear >> Bras >> S4S Bras""]",BRAEDTNZZHEJZXGZ,649,159,,01-11-2022
