product_url,product_name,product_category_tree,pid,retail_price,discounted_price,Date
http://www.flipkart.com/alisha-solid-women-s-cycling-shorts/p/itmeh2ffvzetthbb?pid=SRTEH2FF9KEDEFGF,Alisha Solid Women's Cycling Shorts,"[""Clothing >> Women's Clothing >> Lingerie, Sleep & Swimwear >> Shorts >> Alisha Shorts >> Alisha Solid Women's Cycling Shorts""]",SRTEH2FF9KEDEFGF,999,379,01-11-2022
http://www.flipkart.com/fabhomedecor-fabric-double-sofa-bed/p/itmeh3qgfamccfpy?pid=SBEEH3QGU7MFYJFY,FabHomeDecor Fabric Double Sofa Bed,"[""Furniture >> Living Room Furniture >> Sofa Beds & Futons >> FabHomeDecor Fabric Double Sofa Bed (Finish Colo...""]",SBEEH3QGU7MFYJFY,32157,22646,01-11-2022
http://www.flipkart.com/aw-bellies/p/itmeh4grgfbkexnt?pid=SHOEH4GRSUBJGZXE,AW Bellies,"[""Footwear >> Women's Footwear >> Ballerinas >> AW Bellies""]",SHOEH4GRSUBJGZXE,999,499,01-11-2022
http://www.flipkart.com/alisha-solid-women-s-cycling-shorts/p/itmeh2f6sdgah2pq?pid=SRTEH2F6HUZMQ6SJ,Alisha Solid Women's Cycling Shorts,"[""Clothing >> Women's Clothing >> Lingerie, Sleep & Swimwear >> Shorts >> Alisha Shorts >> Alisha Solid Women's Cycling Shorts""]",SRTEH2F6HUZMQ6SJ,699,267,01-11-2022
http://www.flipkart.com/sicons-all-purpose-arnica-dog-shampoo/p/itmeh3zyw2vhgsp5?pid=PSOEH3ZYDMSYARJ5,Sicons All Purpose Arnica Dog Shampoo,"[""Pet Supplies >> Grooming >> Skin & Coat Care >> Shampoo >> Sicons All Purpose Arnica Dog Shampoo (500 ml)""]",PSOEH3ZYDMSYARJ5,220,210,01-11-2022
http://www.flipkart.com/eternal-gandhi-super-series-crystal-paper-weights-silver-finish/p/itmeb7h2hrfgutxb?pid=PWTEB7H2E4KCYUE3,Eternal Gandhi Super Series Crystal Paper Weights  with Silver Finish,"[""Eternal Gandhi Super Series Crystal Paper Weight...""]",PWTEB7H2E4KCYUE3,430,430,01-11-2022
http://www.flipkart.com/alisha-solid-women-s-cycling-shorts/p/itmeh2ftwkzykhcg?pid=SRTEH2FVVKRBAXHB,Alisha Solid Women's Cycling Shorts,"[""Clothing >> Women's Clothing >> Lingerie, Sleep & Swimwear >> Shorts >> Alisha Shorts >> Alisha Solid Women's Cycling Shorts""]",SRTEH2FVVKRBAXHB,1199,479,01-11-2022
http://www.flipkart.com/fabhomedecor-fabric-double-sofa-bed/p/itmeh3qgnxztzcvf?pid=SBEEH3QGYGHFUEXN,FabHomeDecor Fabric Double Sofa Bed,"[""Furniture >> Living Room Furniture >> Sofa Beds & Futons >> FabHomeDecor Fabric Double Sofa Bed (Finish Colo...""]",SBEEH3QGYGHFUEXN,32157,22646,01-11-2022
http://www.flipkart.com/dilli-bazaaar-bellies-corporate-casuals-casuals/p/itmeh2paagfuhbzh?pid=SHOEH3DZBFR88SCK,"dilli bazaaar Bellies, Corporate Casuals, Casuals","[""Footwear >> Women's Footwear >> Ballerinas >> dilli bazaaar Bellies, Corporate Casuals, Casuals""]",SHOEH3DZBFR88SCK,699,349,01-11-2022
http://www.flipkart.com/alisha-solid-women-s-cycling-shorts/p/itmeh2fvdphhyshh?pid=SRTEH2FVUHAAVH9X,Alisha Solid Women's Cycling Shorts,"[""Clothing >> Women's Clothing >> Lingerie, Sleep & Swimwear >> Shorts >> Alisha Shorts >> Alisha Solid Women's Cycling Shorts""]",SRTEH2FVUHAAVH9X,1199,479,01-11-2022
http://www.flipkart.com/ladela-bellies/p/itmeh4kmxght7tuc?pid=SHOEH4KM2W3Z6EH5,Ladela Bellies,"[""Footwear >> Women's Footwear >> Ballerinas >> Ladela Bellies""]",SHOEH4KM2W3Z6EH5,1724,950,01-11-2022
http://www.flipkart.com/carrel-printed-women-s/p/itmehf3ednm5fvyt?pid=SWIEHF3EF5PZAZUY,Carrel Printed Women's,"[""Clothing >> Women's Clothing >> Sports & Gym Wear >> Swimsuits >> Carrel Swimsuits >> Carrel Printed Women's""]",SWIEHF3EF5PZAZUY,2299,910,01-11-2022
http://www.flipkart.com/sicons-all-purpose-tea-tree-dog-shampoo/p/itmeh3zyhfrgh3re?pid=PSOEH3ZYYFETGCCD,Sicons All Purpose Tea Tree Dog Shampoo,"[""Pet Supplies >> Grooming >> Skin & Coat Care >> Shampoo >> Sicons All Purpose Tea Tree Dog Shampoo (200 ml)""]",PSOEH3ZYYFETGCCD,,,01-11-2022
http://www.flipkart.com/alisha-solid-women-s-cycling-shorts/p/itmeh2fgcjz4mzvu?pid=SRTEH2FGBDJGX8FW,Alisha Solid Women's Cycling Shorts,"[""Clothing >> Women's Clothing >> Lingerie, Sleep & Swimwear >> Shorts >> Alisha Shorts >> Alisha Solid Women's Cycling Shorts""]",SRTEH2FGBDJGX8FW,999,379,01-11-2022
http://www.flipkart.com/freelance-vacuum-bottles-350-ml-bottle/p/itmegytzpkgmrew5?pid=BOTEGYTZ2T6WUJMM,Freelance Vacuum Bottles 350 ml Bottle,"[""Pens & Stationery >> School Supplies >> Water Bottles >> Freelance Water Bottles >> Freelance Vacuum Bottles 350 ml Bottle (Pack of ...""]",BOTEGYTZ2T6WUJMM,699,699,01-11-2022
http://www.flipkart.com/alisha-solid-women-s-cycling-shorts/p/itmeh2fehghynve9?pid=SRTEH2FECMGNZJXJ,Alisha Solid Women's Cycling Shorts,"[""Clothing >> Women's Clothing >> Lingerie, Sleep & Swimwear >> Shorts >> Alisha Shorts >> Alisha Solid Women's Cycling Shorts""]",SRTEH2FECMGNZJXJ,999,379,01-11-2022
http://www.flipkart.com/fabhomedecor-fabric-double-sofa-bed/p/itmeh3qgzgmsuyxn?pid=SBEEH3QGAYAEPRCG,FabHomeDecor Fabric Double Sofa Bed,"[""Furniture >> Living Room Furniture >> Sofa Beds & Futons >> FabHomeDecor Fabric Double Sofa Bed (Finish Colo...""]",SBEEH3QGAYAEPRCG,32157,22646,01-11-2022
http://www.flipkart.com/style-foot-bellies/p/itmeh4fssgzabe5h?pid=SHOEH4FSHEDEMVTM,Style Foot Bellies,"[""Footwear >> Women's Footwear >> Ballerinas >> Style Foot Bellies""]",SHOEH4FSHEDEMVTM,899,449,01-11-2022
http://www.flipkart.com/carrel-printed-women-s/p/itmehf3hmxnuawtn?pid=SWIEHF3H7WG6VGMR,Carrel Printed Women's,"[""Clothing >> Women's Clothing >> Sports & Gym Wear >> Swimsuits >> Carrel Swimsuits >> Carrel Printed Women's""]",SWIEHF3H7WG6VGMR,2499,999,01-11-2022
http://www.flipkart.com/fabhomedecor-fabric-double-sofa-bed/p/itmeh3qgqctxreu9?pid=SBEEH3QGWRGG3J6Q,FabHomeDecor Fabric Double Sofa Bed,"[""Furniture >> Living Room Furniture >> Sofa Beds & Futons >> FabHomeDecor Fabric Double Sofa Bed (Finish Colo...""]",SBEEH3QGWRGG3J6Q,32157,22646,01-11-2022
http://www.flipkart.com/sicons-conditioning-conditoner-dog-shampoo/p/itmeh3zxdz5zzgpz?pid=PSOEH3ZXRTZJUVXM,Sicons Conditioning Conditoner Dog Shampoo,"[""Pet Supplies >> Grooming >> Skin & Coat Care >> Shampoo >> Sicons Conditioning Conditoner Dog Shampoo (200 ml)""]",PSOEH3ZXRTZJUVXM,110,100,01-11-2022
http://www.flipkart.com/alisha-solid-women-s-cycling-shorts/p/itmeh2fdc4esfsym?pid=SRTEH2FD3ANFFMHP,Alisha Solid Women's Cycling Shorts,"[""Clothing >> Women's Clothing >> Lingerie, Sleep & Swimwear >> Shorts >> Alisha Shorts >> Alisha Solid Women's Cycling Shorts""]",SRTEH2FD3ANFFMHP,,,01-11-2022
http://www.flipkart.com/dongli-printed-boy-s-round-neck-t-shirt/p/itmehbhxtchxzghk?pid=TSHEHBHSKBJWHFNF,dongli Printed Boy's Round Neck T-Shirt,"[""Clothing >> Kids' Clothing >> Boys Wear >> Polos & T-Shirts >> dongli Polos & T-Shirts >> dongli Printed Boy's Round Neck T-Shirt (Pack of 4)""]",TSHEHBHSKBJWHFNF,2400,1039,01-11-2022
http://www.flipkart.com/swagga-women-clogs/p/itmeh75zqupd8scy?pid=SNDEH75ZFZ5REGFH,SWAGGA Women Clogs,"[""Footwear >> Women's Footwear >> Sports Sandals >> SWAGGA Women Clogs""]",SNDEH75ZFZ5REGFH,1500,1500,01-11-2022
http://www.flipkart.com/kennel-rubber-dumbell-bell-small-toy-dog/p/itmea6sfmyuwwgjq?pid=PTYEA6SFGD4X8NAR,Kennel Rubber Dumbell With Bell - Small Rubber Rubber Toy For Dog,"[""Pet Supplies >> Toys >> Comfort Toys""]",PTYEA6SFGD4X8NAR,190,190,01-11-2022
http://www.flipkart.com/glus-wedding-lingerie-set/p/itme92u9hecg3cyy?pid=LINE92U9KGZG25AY,Glus Wedding Lingerie Set,"[""Clothing >> Women's Clothing >> Lingerie, Sleep & Swimwear >> Lingerie Sets >> Glus Lingerie Sets""]",LINE92U9KGZG25AY,1299,699,01-11-2022
http://www.flipkart.com/veelys-shiny-white-quad-roller-skates-size-4-5-uk/p/itmec88wuhjgzwur?pid=SKTEC88WSNYJKWY7,Veelys Shiny White Quad Roller Skates - Size 4.5 UK,"[""Sports & Fitness >> Other Sports >> Skating >> Skates >> Veelys Skates""]",SKTEC88WSNYJKWY7,3199,2499,01-11-2022
http://www.flipkart.com/bulaky-vanity-case-jewellery/p/itmdzy4ycfjhvctj?pid=VANDZY4YZFPEG85T,Bulaky vanity case Jewellery Vanity Case,"[""Beauty and Personal Care >> Makeup >> Vanity Boxes >> Bulaky Vanity Boxes""]",VANDZY4YZFPEG85T,499,390,01-11-2022
http://www.flipkart.com/fdt-women-s-leggings/p/itmeb2km9y7kdd6v?pid=LJGEB2KMCMMHHFC7,FDT Women's Leggings,"[""Clothing >> Women's Clothing >> Fusion Wear >> Leggings & Jeggings >> Legging Jegging >> FDT Legging Jegging""]",LJGEB2KMCMMHHFC7,699,309,01-11-2022
http://www.flipkart.com/madcaps-c38gr30-men-s-cargos/p/itme6a53bczcafya?pid=CRGE6A53UX7CJMXX,Madcaps C38GR30 Men's Cargos,"[""Clothing >> Men's Clothing >> Cargos, Shorts & 3/4ths >> Cargos >> Madcaps Cargos""]",CRGE6A53UX7CJMXX,2199,1699,01-11-2022
http://www.flipkart.com/bengal-blooms-rose-artificial-plant-pot/p/itmegdhsahxvv5km?pid=ARPEGDHSXZJSHGSN,Bengal Blooms Rose Artificial Plant  with Pot,"[""Bengal Blooms Rose Artificial Plant  with Pot (3...""]",ARPEGDHSXZJSHGSN,799,579,01-11-2022
http://www.flipkart.com/indcrown-net-embroidered-semi-stitched-lehenga-choli-material/p/itmejx2n25hczzvh?pid=FABEJX2NHNKCYHKA,Indcrown Net Embroidered Semi-stitched Lehenga Choli Material,"[""Clothing >> Women's Clothing >> Ethnic Wear >> Fabric >> Lehenga Choli Material >> Indcrown Lehenga Choli Material >> Indcrown Net Embroidered Semi-stitched Lehenga C...""]",FABEJX2NHNKCYHKA,999,699,01-11-2022
http://www.flipkart.com/shopmania-music-band-a5-notebook-spiral-bound/p/itmej6z8xckfqbvt?pid=DIAEJ6Z8BEDTGGYY,Shopmania Music Band A5 Notebook Spiral Bound,"[""Pens & Stationery >> Diaries & Notebooks >> Notebooks >> Designer >> Shopmania Designer >> Shopmania Music Band A5 Notebook Spiral Bound (M...""]",DIAEJ6Z8BEDTGGYY,499,275,01-11-2022
http://www.flipkart.com/shopmania-music-band-a5-notebook-spiral-bound/p/itmej6z8tagp7gsy?pid=DIAEJ6Z8KQFWDEGH,Shopmania Music Band A5 Notebook Spiral Bound,"[""Pens & Stationery >> Diaries & Notebooks >> Notebooks >> Designer >> Shopmania Designer >> Shopmania Music Band A5 Notebook Spiral Bound (M...""]",DIAEJ6Z8KQFWDEGH,499,275,01-11-2022
http://www.flipkart.com/tiara-diaries-2016-2017-designer-la-kaarta-taking-action-getting-result-set-3-b5-notebook-hard-bound/p/itmej8fgzwbenga9?pid=DIAEJ8FGHZ3K86JU,"Tiara Diaries 2016-2017 Designer LA Kaarta ""TAKING ACTION GETTING RESULT"" (Set of 3) B5 Notebook Hard Bound","[""Pens & Stationery >> Diaries & Notebooks >> Notebooks >> Designer >> Tiara Diaries Designer >> Tiara Diaries 2016-2017 Designer LA Kaarta \""TAKI...""]",DIAEJ8FGHZ3K86JU,1000,837,01-11-2022
http://www.flipkart.com/kajci-embroidered-women-s-waistcoat/p/itmeg2fyaezq59fn?pid=WSCEG2FYDYFDSVZ6,KAJCI Embroidered Women's Waistcoat,"[""Clothing >> Women's Clothing >> Formal Wear >> Waistcoats >> KAJCI Waistcoats >> KAJCI Embroidered Women's Waistcoat""]",WSCEG2FYDYFDSVZ6,1200,699,01-11-2022
http://www.flipkart.com/packman-8-x-10-inches-security-bags-without-pod-jacket-courier-bag/p/itmegbtrgzn3hzbc?pid=PKBEGBTRKKHU26YQ,Packman 8 x 10 inches Security Bags Without POD Jacket Courier Bag Security Bag,"[""Pens & Stationery >> Office Supplies >> Packaging Security Bags >> Packman Packaging Security Bags >> Packman 8 x 10 inches Security Bags Without POD ...""]",PKBEGBTRKKHU26YQ,350,298,01-11-2022
http://www.flipkart.com/pick-pocket-embroidered-women-s-waistcoat/p/itmefuv4c2beuazq?pid=WSCEFUV4TVWT73ZB,Pick Pocket Embroidered Women's Waistcoat,"[""Clothing >> Women's Clothing >> Formal Wear >> Waistcoats >> Pick Pocket Waistcoats >> Pick Pocket Embroidered Women's Waistcoat""]",WSCEFUV4TVWT73ZB,899,899,01-11-2022
http://www.flipkart.com/angelfish-silk-potali-potli/p/itmegfyaw849dw9b?pid=PPSEGFYAGD8FYUXV,Angelfish Silk Potali Potli,"[""Bags, Wallets & Belts >> Bags >> Pouches and Potlis >> Angelfish Pouches and Potlis >> Angelfish Silk Potali Potli (Multicolor)""]",PPSEGFYAGD8FYUXV,999,399,01-11-2022
http://www.flipkart.com/oye-boy-s-dungaree/p/itmef2xs6hvnapgy?pid=DRPEF2XSFBAP4SUZ,Oye Boy's Dungaree,"[""Clothing >> Kids' Clothing >> Boys Wear >> Dungarees & Jumpsuits >> Dungarees >> Oye Dungarees >> Oye Boy's Dungaree""]",DRPEF2XSFBAP4SUZ,899,764,01-11-2022
http://www.flipkart.com/nuride-canvas-shoes/p/itmegvqbfp7yszy3?pid=SHOEGVQCT2ZSGUHY,Nuride Canvas Shoes,"[""Footwear >> Women's Footwear >> Casual Shoes >> Canvas >> Nuride Canvas Shoes""]",SHOEGVQCT2ZSGUHY,1999,1349,01-11-2022
http://www.flipkart.com/om-shivakriti-square-wall-clock-showpiece-38-1-cm/p/itmehs7xbfb3zgca?pid=SHIEHS7XJ954NRYY,OM SHIVAKRITI Square wall Clock Showpiece  -  38.1 cm,"[""Home Decor & Festive Needs >> Showpiece >> Gramophones >> OM SHIVAKRITI Gramophones >> OM SHIVAKRITI Square wall Clock Showpiece  -  38...""]",SHIEHS7XJ954NRYY,1499,1499,01-11-2022
http://www.flipkart.com/himmlisch-st381-magnetic-sun-shade-maruti-alto/p/itmejfbryjrhguxk?pid=SUDEJFBRVYEUZUDH,Himmlisch ST381 Magnetic Sun Shade For Maruti Alto,"[""Automotive >> Accessories & Spare parts >> Car Interior & Exterior >> Car Interior >> Car Sun Shades >> Himmlisch ST381 Magnetic Sun Shade For Maruti Al...""]",SUDEJFBRVYEUZUDH,6999,1899,01-11-2022
http://www.flipkart.com/rapter-bnc-179-bnc-wire-connector/p/itmehf8g2gg9efem?pid=WJCEHF8GZSQWZY7Z,Rapter BNC-179 BNC Wire Connector,"[""Tools & Hardware >> Tools >> Hardware & Electricals >> Hardware >> Wire Joints & Connectors >> Rapter BNC-179 BNC Wire Connector (Silver, Pack ...""]",WJCEHF8GZSQWZY7Z,2299,1400,01-11-2022
http://www.flipkart.com/vishudh-printed-women-s-straight-kurta/p/itmehe9h6uejkznn?pid=KTAEHE9HAED4VUQB,Vishudh Printed Women's Straight Kurta,"[""Vishudh Printed Women's Straight Kurta""]",KTAEHE9HAED4VUQB,999,499,01-11-2022
http://www.flipkart.com/vishudh-printed-women-s-straight-kurta/p/itmehe9kzenpyqcp?pid=KTAEHE9KFCMVVSBN,Vishudh Printed Women's Straight Kurta,"[""Vishudh Printed Women's Straight Kurta""]",KTAEHE9KFCMVVSBN,899,449,01-11-2022
http://www.flipkart.com/vishudh-printed-women-s-anarkali-kurta/p/itmehe9khxckjhnh?pid=KTAEHE9KEZBBQHYA,Vishudh Printed Women's Anarkali Kurta,"[""Vishudh Printed Women's Anarkali Kurta""]",KTAEHE9KEZBBQHYA,2099,1049,01-11-2022
http://www.flipkart.com/buildtrack-pir-wireless-motion-sensor-one-switch-control-security-system/p/itmehdp9wpszgqr5?pid=SSSEHDP9RFW7ZGNG,BuildTrack PIR Wireless Motion Sensor - One Switch Control Wireless Sensor Security System,"[""BuildTrack PIR Wireless Motion Sensor - One Swit...""]",SSSEHDP9RFW7ZGNG,6500,5000,01-11-2022
http://www.flipkart.com/skayvon-summersible-single-phase-pump-controller-wired-sensor-security-system/p/itmehfz2fwmpfyqe?pid=SSSEHFZ2TRZBAPF9,Skayvon SUMMERSIBLE SINGLE PHASE PUMP CONTROLLER Wired Sensor Security System,"[""Skayvon SUMMERSIBLE SINGLE PHASE PUMP CONTROLLER...""]",SSSEHFZ2TRZBAPF9,9990,4990,01-11-2022
http://www.flipkart.com/masara-solid-women-s-straight-kurta/p/itmehetwvvz3ts8e?pid=KTAEHETWXZYYG35G,MASARA Solid Women's Straight Kurta,"[""MASARA Solid Women's Straight Kurta""]",KTAEHETWXZYYG35G,1399,599,01-11-2022
http://www.flipkart.com/vishudh-printed-women-s-straight-kurta/p/itmehe9ksy4w3gft?pid=KTAEHE9KPZU5JK2P,Vishudh Printed Women's Straight Kurta,"[""Vishudh Printed Women's Straight Kurta""]",KTAEHE9KPZU5JK2P,899,449,01-11-2022
http://www.flipkart.com/rapter-bnc-047-bnc-wire-connector/p/itmehf8jjwr4frj5?pid=WJCEHF8JMMZWPYYG,Rapter BNC-047 BNC Wire Connector,"[""Tools & Hardware >> Tools >> Hardware & Electricals >> Hardware >> Wire Joints & Connectors >> Rapter BNC-047 BNC Wire Connector (Silver, Pack ...""]",WJCEHF8JMMZWPYYG,1299,899,01-11-2022
http://www.flipkart.com/skayvon-submersibble-three-phase-pump-controller-wired-sensor-security-system/p/itmehfz3vjv7je33?pid=SSSEHFZ34KRWYGSH,Skayvon SUBMERSIBBLE THREE PHASE PUMP CONTROLLER Wired Sensor Security System,"[""Skayvon SUBMERSIBBLE THREE PHASE PUMP CONTROLLER...""]",SSSEHFZ34KRWYGSH,8999,4990,01-11-2022
http://www.flipkart.com/vishudh-printed-women-s-straight-kurta/p/itmehe9kyts27r2g?pid=KTAEHE9K8CQJMQCV,Vishudh Printed Women's Straight Kurta,"[""Vishudh Printed Women's Straight Kurta""]",KTAEHE9K8CQJMQCV,899,449,01-11-2022
http://www.flipkart.com/behringer-xenyx-502-analog-sound-mixer/p/itmeheyxb4j9pvva?pid=SNMEHEYXQCEW3JCQ,Behringer Xenyx 502 Analog Sound Mixer,"[""Behringer Xenyx 502 Analog Sound Mixer""]",SNMEHEYXQCEW3JCQ,10000,6600,01-11-2022
http://www.flipkart.com/vishudh-printed-women-s-straight-kurta/p/itmehe9kqzkfqwr3?pid=KTAEHE9K92ADDUNC,Vishudh Printed Women's Straight Kurta,"[""Vishudh Printed Women's Straight Kurta""]",KTAEHE9K92ADDUNC,899,449,01-11-2022
http://www.flipkart.com/vishudh-printed-women-s-straight-kurta/p/itmehe9kf2h9ca5e?pid=KTAEHE9KNNU7RP4Z,Vishudh Printed Women's Straight Kurta,"[""Vishudh Printed Women's Straight Kurta""]",KTAEHE9KNNU7RP4Z,899,449,01-11-2022
http://www.flipkart.com/masara-solid-women-s-straight-kurta/p/itmehetw2nqxze4u?pid=KTAEHETWZZ5KEAT9,MASARA Solid Women's Straight Kurta,"[""MASARA Solid Women's Straight Kurta""]",KTAEHETWZZ5KEAT9,1399,599,01-11-2022
http://www.flipkart.com/masara-solid-women-s-straight-kurta/p/itmehetvd9fneydv?pid=KTAEHETVCXXZRXGK,MASARA Solid Women's Straight Kurta,"[""MASARA Solid Women's Straight Kurta""]",KTAEHETVCXXZRXGK,1399,550,01-11-2022
http://www.flipkart.com/roadster-men-s-zipper-solid-cardigan/p/itmedfy7ueuk5mfs?pid=CGNEDFY77SGZTEQ2,Roadster Men's Zipper Solid Cardigan,"[""Clothing >> Men's Clothing >> Winter & Seasonal Wear >> Cardigans >> Roadster Cardigans >> Roadster Men's Zipper Solid Cardigan""]",CGNEDFY77SGZTEQ2,1399,699,01-11-2022
http://www.flipkart.com/vishudh-printed-women-s-straight-kurta/p/itmehe9hkegqrudx?pid=KTAEHE9H9MVK42JA,Vishudh Printed Women's Straight Kurta,"[""Vishudh Printed Women's Straight Kurta""]",KTAEHE9H9MVK42JA,999,499,01-11-2022
http://www.flipkart.com/noor-embroidered-women-s-straight-kurta/p/itmehfqgnb2qb7cr?pid=KTAEHFQGFGMGGMUZ,Noor Embroidered Women's Straight Kurta,"[""Noor Embroidered Women's Straight Kurta""]",KTAEHFQGFGMGGMUZ,1649,849,01-11-2022
http://www.flipkart.com/masara-solid-women-s-straight-kurta/p/itmehetwyb7q4kjz?pid=KTAEHETW3ZCMFMJR,MASARA Solid Women's Straight Kurta,"[""MASARA Solid Women's Straight Kurta""]",KTAEHETW3ZCMFMJR,1399,599,01-11-2022
http://www.flipkart.com/vishudh-printed-women-s-straight-kurta/p/itmehe9kutfys8sz?pid=KTAEHE9KFWXNYHFD,Vishudh Printed Women's Straight Kurta,"[""Vishudh Printed Women's Straight Kurta""]",KTAEHE9KFWXNYHFD,899,449,01-11-2022
http://www.flipkart.com/libas-printed-women-s-a-line-kurta/p/itmegfprfch9qntx?pid=KTAEGFPRCCS46ZMA,Libas Printed Women's A-line Kurta,"[""Libas Printed Women's A-line Kurta""]",KTAEGFPRCCS46ZMA,899,449,01-11-2022
http://www.flipkart.com/libas-printed-women-s-anarkali-kurta/p/itmeg2eqhrtjm6g3?pid=KTAEG2EQ6GSJE8AG,Libas Printed Women's Anarkali Kurta,"[""Libas Printed Women's Anarkali Kurta""]",KTAEG2EQ6GSJE8AG,1849,924,01-11-2022
http://www.flipkart.com/masara-solid-women-s-straight-kurta/p/itmehetwn5s6fgzs?pid=KTAEHETWRNSWM4EF,MASARA Solid Women's Straight Kurta,"[""MASARA Solid Women's Straight Kurta""]",KTAEHETWRNSWM4EF,999,499,01-11-2022
http://www.flipkart.com/hrs-ultimate-boy-chest-pads/p/itmehzfg2tjxadjw?pid=PADEHZFHMTEUP8YG,HRS ULTIMATE BOY Chest Pads,"[""Sports & Fitness >> Team Sports >> Cricket >> Cricket Pads >> HRS Cricket Pads >> HRS ULTIMATE BOY Chest Pads (WHITE, RIGHT-HANDED)""]",PADEHZFHMTEUP8YG,440,395,01-11-2022
http://www.flipkart.com/vermello-men-casual-brown-genuine-leather-belt/p/itmeg6kudk9mhguj?pid=BELEG6KUK6ZBFTZJ,Vermello Men Casual Brown Genuine Leather Belt,"[""Bags, Wallets & Belts >> Belts >> Vermello Belts >> Vermello Men Casual Brown Genuine Leather Belt (...""]",BELEG6KUK6ZBFTZJ,1495,795,01-11-2022
http://www.flipkart.com/hrs-club-boy-thigh-pads/p/itmehzfj9zzhgckv?pid=PADEHZFJGQNSEVKC,HRS CLUB BOY Thigh Pads,"[""Sports & Fitness >> Team Sports >> Cricket >> Cricket Pads >> HRS Cricket Pads >> HRS CLUB BOY Thigh Pads (WHITE, RIGHT-HANDED)""]",PADEHZFJGQNSEVKC,280,250,01-11-2022
http://www.flipkart.com/ligans-ny-men-formal-black-genuine-leather-belt/p/itmeg68tjkg9zgzf?pid=BELEG68SBMZFFN5Z,Ligans NY Men Formal Black Genuine Leather Belt,"[""Bags, Wallets & Belts >> Belts >> Ligans NY Belts >> Ligans NY Men Formal Black Genuine Leather Belt ...""]",BELEG68SBMZFFN5Z,795,695,01-11-2022
http://www.flipkart.com/elegance-polyester-multicolor-abstract-eyelet-door-curtain/p/itmeg7bkzdgthcts?pid=CRNEG7BKMFFYHQ8Z,Elegance Polyester Multicolor Abstract Eyelet Door Curtain,"[""Home Furnishing >> Curtains & Accessories >> Curtains >> Elegance Polyester Multicolor Abstract Eyelet Do...""]",CRNEG7BKMFFYHQ8Z,1899,899,01-11-2022
http://www.flipkart.com/liza-women-wedges/p/itmeg6ef6zvwuxyy?pid=SNDEG6EFWGBCURUT,Liza Women Wedges,"[""Footwear >> Women's Footwear >> Wedges >> Liza Women Wedges""]",SNDEG6EFWGBCURUT,1990,1393,01-11-2022
http://www.flipkart.com/hrs-ultimate-boy-elbow-pads/p/itmehzfhdahbman2?pid=PADEHZFHGHFQJAXV,HRS ULTIMATE BOY Elbow Pads,"[""Sports & Fitness >> Team Sports >> Cricket >> Cricket Pads >> HRS Cricket Pads >> HRS ULTIMATE BOY Elbow Pads (WHITE, RIGHT-HANDED)""]",PADEHZFHGHFQJAXV,250,230,01-11-2022
http://www.flipkart.com/sathiyas-cotton-bath-towel/p/itmegfzhxbyucwgn?pid=BTWEGFZHGBXPHZUH,Sathiyas Cotton Bath Towel,"[""Baby Care >> Baby Bath & Skin >> Baby Bath Towels >> Sathiyas Baby Bath Towels >> Sathiyas Cotton Bath Towel (3 Bath Towel, Red, Y...""]",BTWEGFZHGBXPHZUH,600,449,01-11-2022
http://www.flipkart.com/hrs-ultimate-men-chest-pads/p/itmehzfhwhhff5xb?pid=PADEHZFHCNQGWNNS,HRS ULTIMATE MEN Chest Pads,"[""Sports & Fitness >> Team Sports >> Cricket >> Cricket Pads >> HRS Cricket Pads >> HRS ULTIMATE MEN Chest Pads (WHITE, RIGHT-HANDED)""]",PADEHZFHCNQGWNNS,440,395,01-11-2022
http://www.flipkart.com/eurospa-cotton-terry-face-towel-set/p/itmeg6shbrpubhca?pid=BTWEG6SHXTDB2A2Y,Eurospa Cotton Terry Face Towel Set,"[""Baby Care >> Baby Bath & Skin >> Baby Bath Towels >> Eurospa Baby Bath Towels >> Eurospa Cotton Terry Face Towel Set (20 PIECE FA...""]",BTWEG6SHXTDB2A2Y,,,01-11-2022
http://www.flipkart.com/santosh-royal-fashion-cotton-printed-king-sized-double-bedsheet/p/itmejt9uaqahahuf?pid=BDSEJT9UQWHDUBH4,SANTOSH ROYAL FASHION Cotton Printed King sized Double Bedsheet,"[""Home Furnishing >> Bed Linen >> Bedsheets >> SANTOSH ROYAL FASHION Bedsheets >> SANTOSH ROYAL FASHION Cotton Printed King sized ...""]",BDSEJT9UQWHDUBH4,2699,1299,01-11-2022
http://www.flipkart.com/casedeal-microsoft-nokia-lumia-x2-back-panel/p/itmejmv5feg8fhcb?pid=MBPEJMV5GAY9SZX5,CASEDEAL Microsoft Nokia lumia x2 Back Panel,"[""Mobiles & Accessories >> Mobile Accessories >> Mobile Body Panels >> CASEDEAL Mobile Body Panels >> CASEDEAL Microsoft Nokia lumia x2 Back Panel (Wh...""]",MBPEJMV5GAY9SZX5,1999,380,01-11-2022
http://www.flipkart.com/mario-gotze-women-s-printed-casual-orange-shirt/p/itmejrchnshfzygz?pid=SHTEJRCHC5KESPYX,Mario Gotze Women's Printed Casual Orange Shirt,"[""Clothing >> Women's Clothing >> Western Wear >> Shirts, Tops & Tunics >> Shirts >> Mario Gotze Shirts >> Mario Gotze Women's Printed Casual Orange Shirt""]",SHTEJRCHC5KESPYX,1499,899,01-11-2022
http://www.flipkart.com/jaipur-print-cotton-floral-king-sized-double-bedsheet/p/itmejthnwahrnt7v?pid=BDSEJTHNGWVGWWQU,Jaipur Print Cotton Floral King sized Double Bedsheet,"[""Home Furnishing >> Bed Linen >> Bedsheets >> Jaipur Print Bedsheets >> Jaipur Print Cotton Floral King sized Double Bed...""]",BDSEJTHNGWVGWWQU,2599,698,01-11-2022
http://www.flipkart.com/shilpi-nhscn003-coin-bank/p/itmej9edte4eymdr?pid=CNBEJ9EDXWN8HQUU,Shilpi NHSCN003 Coin Bank,"[""Pens & Stationery >> College Supplies >> Coin Banks >> Shilpi Coin Banks >> Shilpi NHSCN003 Coin Bank (Brown)""]",CNBEJ9EDXWN8HQUU,900,650,01-11-2022
http://www.flipkart.com/jaipur-print-cotton-floral-king-sized-double-bedsheet/p/itmejthgzhsxzgs7?pid=BDSEJTHGGZH3HSJF,Jaipur Print Cotton Floral King sized Double Bedsheet,"[""Home Furnishing >> Bed Linen >> Bedsheets >> Jaipur Print Bedsheets >> Jaipur Print Cotton Floral King sized Double Bed...""]",BDSEJTHGGZH3HSJF,2599,698,01-11-2022
http://www.flipkart.com/babeezworld-dungaree-baby-boy-s-combo/p/itmegntvcgtgezyf?pid=ACBEGNTVH7QYGJZU,Babeezworld Dungaree Baby Boy's  Combo,"[""Baby Care >> Infant Wear >> Baby Boys' Clothes >> Combo Sets >> Babeezworld Combo Sets >> Babeezworld Dungaree Baby Boy's  Combo""]",ACBEGNTVH7QYGJZU,999,499,01-11-2022
http://www.flipkart.com/redbag-eight-armed-goddess-sherawali-maa-showpiece-10-8-cm/p/itmejyhm6gjrq6yv?pid=SHIEJYHMR7DUKT8W,Redbag Eight Armed Goddess Sherawali Maa Showpiece  -  10.8 cm,"[""Home Decor & Festive Needs >> Table Decor & Handicrafts >> Showpiece >> Religious Idols >> Redbag Religious Idols >> Redbag Eight Armed Goddess Sherawali Maa Showpie...""]",SHIEJYHMR7DUKT8W,1600,1200,01-11-2022
http://www.flipkart.com/proence-weight-gainers-mass-gainers/p/itmeavtqg7dbzarf?pid=PSLEAVTQRYZP3YVG,"Proence Weight Gainers, Mass Gainers","[""Food & Nutrition >> Health & Nutrition >> Protein Supplements >> Proence Weight Gainers, Mass Gainers (60 No, Unf...""]",PSLEAVTQRYZP3YVG,1025,949,01-11-2022
http://www.flipkart.com/discountgod-men-s-checkered-casual-shirt/p/itmeby72gtexzbbx?pid=SHTEBY72FGKPYBRU,Discountgod Men's Checkered Casual Shirt,"[""Clothing >> Men's Clothing >> Shirts >> Casual & Party Wear Shirts >> Discountgod Casual & Party Wear Shirts""]",SHTEBY72FGKPYBRU,750,590,01-11-2022
http://www.flipkart.com/silver-streak-men-s-printed-casual-denim-shirt/p/itmeb5mnmvd4tzh5?pid=SHTEB5MNYHJJQGBJ,Silver Streak Men's Printed Casual Denim Shirt,"[""Clothing >> Men's Clothing >> Shirts >> Casual & Party Wear Shirts >> Silver Streak Casual & Party Wear Shirts""]",SHTEB5MNYHJJQGBJ,1299,599,01-11-2022
http://www.flipkart.com/cobra-paris-co6394a1-analog-watch-men-boys/p/itme3faxhgg8jhbr?pid=WATE3FAXGFHMASYX,"Cobra Paris CO6394A1 Analog Watch  - For Men, Boys","[""Watches >> Wrist Watches >> Cobra Paris Wrist Watches""]",WATE3FAXGFHMASYX,18995,15195,01-11-2022
http://www.flipkart.com/ten-women-s-black-knee-length-boots/p/itmeck2fhpccrf5p?pid=SHOECK2FYYWUT4KM,TEN TEN Women's Black Knee Length Boots Boots,"[""Footwear >> Women's Footwear >> Casual Shoes >> Boots""]",SHOECK2FYYWUT4KM,4995,1995,01-11-2022
http://www.flipkart.com/aries-gold-g-729-s-bk-analog-watch-men-boys/p/itmecj25rfnthwfu?pid=WATECJ25SP6A7VD5,"Aries Gold G 729 S-BK Analog Watch  - For Men, Boys","[""Watches >> Wrist Watches >> Aries Gold Wrist Watches""]",WATECJ25SP6A7VD5,13699,13099,01-11-2022
http://www.flipkart.com/carlton-boots/p/itme7zj3h9nkzyjb?pid=SHOE7ZJ3GQN3ZHNS,Carlton Boots,"[""Footwear >> Women's Footwear >> Casual Shoes >> Boots""]",SHOE7ZJ3GQN3ZHNS,3495,1223,01-11-2022
http://www.flipkart.com/maserati-time-r8851116001-analog-watch-boys/p/itmeayahfma4r9kp?pid=WATEAYAHJ8CUCAYM,Maserati Time R8851116001 Analog Watch  - For Boys,"[""Watches >> Wrist Watches >> Maserati Time Wrist Watches""]",WATEAYAHJ8CUCAYM,24400,24400,01-11-2022
http://www.flipkart.com/vizion-8503b-1red-cold-light-digital-watch-boys-girls/p/itmecv66cdps2her?pid=WATECV664H5MMGSQ,"Vizion 8503B-1RED Cold Light Digital Watch  - For Boys, Girls","[""Watches >> Wrist Watches >> Vizion Wrist Watches""]",WATECV664H5MMGSQ,1095,595,01-11-2022
http://www.flipkart.com/camerii-wm64-elegance-analog-watch-men-boys/p/itme6y6duhfcummh?pid=WATE6Y6D2MZHWGBZ,"Camerii WM64 Elegance Analog Watch  - For Men, Boys","[""Watches >> Wrist Watches >> Camerii Wrist Watches""]",WATE6Y6D2MZHWGBZ,1099,449,01-11-2022
http://www.flipkart.com/reckler-slim-fit-men-s-jeans/p/itmecn2pzhhswznp?pid=JEAECN2PWUKFA9GJ,Reckler Slim Fit Men's Jeans,"[""Clothing >> Men's Clothing >> Jeans >> Reckler Jeans""]",JEAECN2PWUKFA9GJ,5398,2599,01-11-2022
http://www.flipkart.com/quechua-arpenaz-novadry-boots/p/itme96xeamtkzarz?pid=SHOE4FZGGTE7HJXN,Quechua Arpenaz Novadry Boots,"[""Footwear >> Women's Footwear >> Casual Shoes >> Boots""]",SHOE4FZGGTE7HJXN,2499,2250,01-11-2022
http://www.flipkart.com/colat-colat-mw20-sheen-analog-watch-men-women-boys-girls/p/itme2rx9jpyxcyqc?pid=WATE2RX9HHGBUQGA,"Colat COLAT_MW20 Sheen Analog Watch  - For Men, Women, Boys, Girls","[""Watches >> Wrist Watches >> Colat Wrist Watches""]",WATE2RX9HHGBUQGA,3999,849,01-11-2022
http://www.flipkart.com/steppings-trendy-boots/p/itme96vetrndpjr7?pid=SHOE2FQCE3QFC8ZM,Steppings Trendy Boots,"[""Footwear >> Women's Footwear >> Casual Shoes >> Boots""]",SHOE2FQCE3QFC8ZM,1799,719,01-11-2022
http://www.flipkart.com/rochees-rw38-analog-watch-boys/p/itmed8hnthnczfqy?pid=WATED8HNQGUFBNFT,Rochees RW38 Analog Watch  - For Boys,"[""Watches >> Wrist Watches >> Rochees Wrist Watches""]",WATED8HNQGUFBNFT,1415,1202,01-11-2022
http://www.flipkart.com/rorlig-rr-028-expedition-analog-watch-men-boys/p/itmebyzgghrmgbnf?pid=WATEBYZGFCZPUJAR,"Rorlig RR-028 Expedition Analog Watch  - For Men, Boys","[""Watches >> Wrist Watches >> Rorlig Wrist Watches""]",WATEBYZGFCZPUJAR,1099,399,01-11-2022
http://www.flipkart.com/catwalk-boots/p/itmea4hajgakcxqn?pid=SHOEA4HADYGNUZFM,Catwalk Boots,"[""Footwear >> Women's Footwear >> Casual Shoes >> Boots""]",SHOEA4HADYGNUZFM,2095,999,01-11-2022
http://www.flipkart.com/magnum-footwear-lifestyle/p/itmebyzgkch4zp9m?pid=SHOEBYZGZ682N4K2,Magnum Footwear Lifestyle,"[""Footwear >> Women's Footwear >> Casual Shoes >> Boots""]",SHOEBYZGZ682N4K2,3999,2099,01-11-2022
http://www.flipkart.com/t-star-uft-tsw-005-bk-br-analog-watch-boys/p/itmecffvcgfw8f9m?pid=WATECFFVGFZPAD3D,T STAR UFT-TSW-005-BK-BR Analog Watch  - For Boys,"[""Watches >> Wrist Watches >> T STAR Wrist Watches""]",WATECFFVGFZPAD3D,999,399,01-11-2022
http://www.flipkart.com/rialto-boots/p/itmed5dcpg4ugcye?pid=SHOED5DCYU8HWRDH,Rialto Boots,"[""Footwear >> Women's Footwear >> Casual Shoes >> Boots""]",SHOED5DCYU8HWRDH,3295,2795,01-11-2022
http://www.flipkart.com/kielz-ladies-boots/p/itme2zngdhfnfawt?pid=SHOE2ZNGYDECUGNG,Kielz Ladies Boots,"[""Footwear >> Women's Footwear >> Casual Shoes >> Boots""]",SHOE2ZNGYDECUGNG,2499,1249,01-11-2022
http://www.flipkart.com/alfajr-wy16b-youth-digital-watch-men-boys/p/itmechfufumwbtnz?pid=WATECHFU4QGFQEJG,"Alfajr WY16B Youth Digital Watch  - For Men, Boys","[""Watches >> Wrist Watches >> Alfajr Wrist Watches""]",WATECHFU4QGFQEJG,5495,4995,01-11-2022
http://www.flipkart.com/la-briza-ashley-boots/p/itme2fbzc87ysvwk?pid=SHOE2FBZENEBCZZD,La Briza Ashley Boots,"[""Footwear >> Women's Footwear >> Casual Shoes >> Boots""]",SHOE2FBZENEBCZZD,2299,2299,01-11-2022
http://www.flipkart.com/tag-heuer-cau1116-ba0858-formula-1-analog-watch-boys-men/p/itmea6ug29cnhkdh?pid=WATEA6UGFGKZKDJC,"TAG Heuer CAU1116.BA0858 Formula 1 Analog Watch  - For Boys, Men","[""Watches >> Wrist Watches >> TAG Heuer Wrist Watches""]",WATEA6UGFGKZKDJC,107750,107750,01-11-2022
http://www.flipkart.com/salt-n-pepper-13-019-femme-black-boots/p/itme6zqd3hhyayep?pid=SHOE6ZQEB694PVM8,Salt N Pepper 13-019 Femme Black Boots Boots,"[""Footwear >> Women's Footwear >> Casual Shoes >> Boots""]",SHOE6ZQEB694PVM8,4195,3146,01-11-2022
http://www.flipkart.com/shuz-touch-boots/p/itmebkey5hbjpgyq?pid=SHOEBKEYTHTVCMNX,Shuz Touch Boots,"[""Footwear >> Women's Footwear >> Casual Shoes >> Boots""]",SHOEBKEYTHTVCMNX,1499,1270,01-11-2022
http://www.flipkart.com/wrangler-skanders-fit-men-s-jeans/p/itmebmsca5uhgkhg?pid=JEAEBMSEEGG26RPV,Wrangler Skanders Fit Men's Jeans,"[""Clothing >> Men's Clothing >> Jeans >> Wrangler Jeans""]",JEAEBMSEEGG26RPV,2795,1817,01-11-2022
http://www.flipkart.com/steppings-trendy-boots/p/itme96vfxxbkx29c?pid=SHOE3S9BZ4SJUJFY,Steppings Trendy Boots,"[""Footwear >> Women's Footwear >> Casual Shoes >> Boots""]",SHOE3S9BZ4SJUJFY,3199,1919,01-11-2022
http://www.flipkart.com/salt-n-pepper-14-664-denny-black-boots/p/itme6zqdzhmszhfz?pid=SHOE6ZQE7K9W3ZX3,Salt N Pepper 14-664 Denny Black Boots Boots,"[""Footwear >> Women's Footwear >> Casual Shoes >> Boots""]",SHOE6ZQE7K9W3ZX3,4295,3221,01-11-2022
http://www.flipkart.com/costa-swiss-cs-2001-analog-watch-boys-men/p/itmebvhavgg32buu?pid=WATEBVHAWSYYS8EY,"Costa Swiss CS-2001 Analog Watch  - For Boys, Men","[""Watches >> Wrist Watches >> Costa Swiss Wrist Watches""]",WATEBVHAWSYYS8EY,1199,429,01-11-2022
http://www.flipkart.com/crocs-boots/p/itmebhzak57y7hgw?pid=SHOEBHZA5BXBKRDC,Crocs Boots,"[""Footwear >> Women's Footwear >> Casual Shoes >> Boots""]",SHOEBHZA5BXBKRDC,3995,3995,01-11-2022
http://www.flipkart.com/breitling-ab011010-bb08-131s-chronomat-44-analog-watch-boys-men/p/itme9dx97f7emjyr?pid=WATE9DX9E4YSRJSY,"Breitling AB011010/BB08 131S Chronomat 44 Analog Watch  - For Boys, Men","[""Watches >> Wrist Watches >> Breitling Wrist Watches""]",WATE9DX9E4YSRJSY,571230,571230,01-11-2022
http://www.flipkart.com/lyc-white-casual-boots/p/itme96sz8vzhacqv?pid=SHOE4UC3MJZF3VFJ,Lyc White Casual Boots,"[""Footwear >> Women's Footwear >> Casual Shoes >> Boots""]",SHOE4UC3MJZF3VFJ,1199,899,01-11-2022
http://www.flipkart.com/myra-comfortable-boots/p/itmedh9ahjryvnpb?pid=SHOEDH9AS48SSFBT,Myra Comfortable Boots,"[""Footwear >> Women's Footwear >> Casual Shoes >> Boots""]",SHOEDH9AS48SSFBT,1049,499,01-11-2022
http://www.flipkart.com/calibro-sw-125-analog-digital-watch-men-boys/p/itmecgpstt9hdxjz?pid=WATECGPSDSFRHUSY,"Calibro SW-125 Analog-Digital Watch  - For Men, Boys","[""Watches >> Wrist Watches >> Calibro Wrist Watches""]",WATECGPSDSFRHUSY,2000,699,01-11-2022
http://www.flipkart.com/get-glamr-designer-uggy-boots/p/itmec8qgymvsueza?pid=SHOEC8QGWFF2VXAN,Get Glamr Designer Uggy Boots,"[""Footwear >> Women's Footwear >> Casual Shoes >> Boots""]",SHOEC8QGWFF2VXAN,3499,2799,01-11-2022
http://www.flipkart.com/kielz-ladies-boots/p/itmef9g8jgwf9tws?pid=SHOEF9G8EWYMM2AM,Kielz Ladies Boots,"[""Footwear >> Women's Footwear >> Casual Shoes >> Boots""]",SHOEF9G8EWYMM2AM,2299,899,01-11-2022
http://www.flipkart.com/kielz-ladies-boots/p/itmef9g8r6uc6evk?pid=SHOEF9G8X3SG6GHX,Kielz Ladies Boots,"[""Footwear >> Women's Footwear >> Casual Shoes >> Boots""]",SHOEF9G8X3SG6GHX,1999,999,01-11-2022
http://www.flipkart.com/rochees-rw50-analog-watch-boys/p/itmed8ghrdycvfqp?pid=WATED8GHH7HRVGRK,Rochees RW50 Analog Watch  - For Boys,"[""Watches >> Wrist Watches >> Rochees Wrist Watches""]",WATED8GHH7HRVGRK,1120,952,01-11-2022
http://www.flipkart.com/kielz-ladies-boots/p/itmef9g8mqjg2vyh?pid=SHOEF9G8ZHHCMHTW,Kielz Ladies Boots,"[""Footwear >> Women's Footwear >> Casual Shoes >> Boots""]",SHOEF9G8ZHHCMHTW,2799,1299,01-11-2022
http://www.flipkart.com/salt-n-pepper-13-516-greta-red-boots/p/itmdumfyadfcfzhw?pid=SHODUMFYM8ZHSJBG,Salt N Pepper 13-516 Greta Red Boots,"[""Footwear >> Women's Footwear >> Casual Shoes >> Boots""]",SHODUMFYM8ZHSJBG,3495,2621,01-11-2022
http://www.flipkart.com/fluid-dmf-002-gr01-digital-watch-boys/p/itme4cgcdzuhejcx?pid=WATE4CG2AQAGWGSF,Fluid DMF-002-GR01 Digital Watch  - For Boys,"[""Watches >> Wrist Watches >> Fluid Wrist Watches""]",WATE4CG2AQAGWGSF,1699,849,01-11-2022
http://www.flipkart.com/steppings-trendy-boots/p/itme96vegh9ug7rg?pid=SHOE2FQCKJDCP9ZW,Steppings Trendy Boots,"[""Footwear >> Women's Footwear >> Casual Shoes >> Boots""]",SHOE2FQCKJDCP9ZW,1599,639,01-11-2022
http://www.flipkart.com/rialto-boots/p/itmed5dcdkhjseh9?pid=SHOED5DC2GSMQMHU,Rialto Boots,"[""Footwear >> Women's Footwear >> Casual Shoes >> Boots""]",SHOED5DC2GSMQMHU,3295,2395,01-11-2022
http://www.flipkart.com/rorlig-rr-030-essentials-analog-watch-men-boys/p/itmebyzgmxsagt9n?pid=WATEBYZGCFGUP9HG,"Rorlig RR-030 Essentials Analog Watch  - For Men, Boys","[""Watches >> Wrist Watches >> Rorlig Wrist Watches""]",WATEBYZGCFGUP9HG,1099,399,01-11-2022
http://www.flipkart.com/wrangler-regular-fit-men-s-jeans/p/itme9pp3ufsbggh8?pid=JEAE9PP49AH6PQCW,Wrangler Regular Fit Men's Jeans,"[""Clothing >> Men's Clothing >> Jeans >> Wrangler Jeans""]",JEAE9PP49AH6PQCW,3295,1812,01-11-2022
http://www.flipkart.com/steppings-trendy-boots/p/itme96vfpj5wwqyn?pid=SHOE3S9BGUAGYE5X,Steppings Trendy Boots,"[""Footwear >> Women's Footwear >> Casual Shoes >> Boots""]",SHOE3S9BGUAGYE5X,3499,2274,01-11-2022
http://www.flipkart.com/disney-dw100230-digital-watch-boys-girls/p/itme3gezuzhf6j3z?pid=WATE3GEY74QU9T35,"Disney DW100230 Digital Watch  - For Boys, Girls","[""Watches >> Wrist Watches >> Disney Wrist Watches""]",WATE3GEY74QU9T35,350,350,01-11-2022
http://www.flipkart.com/salt-n-pepper-13-167-marsha-red-boots/p/itmdumfyczfqxujq?pid=SHODUMFYYW5YGRQN,Salt N Pepper 13-167 Marsha Red Boots,"[""Footwear >> Women's Footwear >> Casual Shoes >> Boots""]",SHODUMFYYW5YGRQN,3695,2771,01-11-2022
http://www.flipkart.com/cartier-w6701005-analog-watch-boys-men/p/itmeak8svbtvm5hp?pid=WATEAK8SE2RUK7GM,"Cartier W6701005 Analog Watch  - For Boys, Men","[""Watches >> Wrist Watches >> Cartier Wrist Watches""]",WATEAK8SE2RUK7GM,201000,201000,01-11-2022
http://www.flipkart.com/bruno-manetti-cannelita-boots/p/itmeygk5jzcbzeh7?pid=SHOEYGK5AYYBVXKH,Bruno Manetti Cannelita Boots,"[""Footwear >> Women's Footwear >> Casual Shoes >> Boots""]",SHOEYGK5AYYBVXKH,3399,1359,01-11-2022
http://www.flipkart.com/stylistry-maxis-shde6603brwoboot3104-boots/p/itme8kr77t3ymbdt?pid=SHOEFZ37XDUHHTZW,Stylistry Maxis Shde6603brwoboot3104 Boots,"[""Footwear >> Women's Footwear >> Casual Shoes >> Boots""]",SHOEFZ37XDUHHTZW,2199,1599,01-11-2022
http://www.flipkart.com/lois-caron-lcs-4032-analog-watch-boys-men/p/itmed53ffczdxw7z?pid=WATED53FKKH4S8E4,"Lois Caron LCS-4032 Analog Watch  - For Boys, Men","[""Watches >> Wrist Watches >> Lois Caron Wrist Watches""]",WATED53FKKH4S8E4,1200,399,01-11-2022
http://www.flipkart.com/felix-y-39-analog-watch-boys-men/p/itmebmy8gexqhgsd?pid=WATEBMY8HWCHMZZ5,"Felix Y 39 Analog Watch  - For Boys, Men","[""Watches >> Wrist Watches >> Felix Wrist Watches""]",WATEBMY8HWCHMZZ5,1550,525,01-11-2022
http://www.flipkart.com/kielz-boots/p/itmecs7ddggfnayn?pid=SHOECS7FBGSEPW9G,Kielz Boots,"[""Footwear >> Women's Footwear >> Casual Shoes >> Boots""]",SHOECS7FBGSEPW9G,2999,2399,01-11-2022
http://www.flipkart.com/kielz-ladies-boots/p/itmefmrzvghpphur?pid=SHOEFMRZQXHJREHH,Kielz Ladies Boots,"[""Footwear >> Women's Footwear >> Casual Shoes >> Boots""]",SHOEFMRZQXHJREHH,2299,899,01-11-2022
http://www.flipkart.com/sakay-country-leather-boots/p/itme69e6nejwwmj9?pid=SHOE69E6HYVG8MKU,Sakay Country Leather Boots,"[""Footwear >> Women's Footwear >> Casual Shoes >> Boots""]",SHOE69E6HYVG8MKU,3999,3499,01-11-2022
http://www.flipkart.com/la-briza-black-boots/p/itme4kacb5fszzn2?pid=SHOE4KACKB28FTHD,La Briza Black Boots,"[""Footwear >> Women's Footwear >> Casual Shoes >> Boots""]",SHOE4KACKB28FTHD,2299,2069,01-11-2022
http://www.flipkart.com/kool-kidz-dmk-012-qu02-analog-watch-girls-boys/p/itmdzdgtdarvvxtp?pid=WATDZDGRQBXTKHPW,"Kool Kidz DMK-012-QU02 Analog Watch  - For Girls, Boys","[""Watches >> Wrist Watches >> Kool Kidz Wrist Watches""]",WATDZDGRQBXTKHPW,375,263,01-11-2022
http://www.flipkart.com/franck-bella-fb0128b-analog-watch-men-boys/p/itmebh9bbmcrwa3r?pid=WATEBH9BTJXD8UVV,"Franck Bella FB0128B Analog Watch  - For Men, Boys","[""Watches >> Wrist Watches >> Franck Bella Wrist Watches""]",WATEBH9BTJXD8UVV,1199,959,01-11-2022
http://www.flipkart.com/steppings-trendy-boots/p/itme96vega6vygbg?pid=SHOE2GUHSZRGGZYY,Steppings Trendy Boots,"[""Footwear >> Women's Footwear >> Casual Shoes >> Boots""]",SHOE2GUHSZRGGZYY,2199,1099,01-11-2022
http://www.flipkart.com/kool-kidz-dmk-003-yl-03-analog-watch-girls-boys/p/itmduk7dkxv8wcaw?pid=WATDUK7DKXV8WCAW,"Kool Kidz DMK-003-YL 03 Analog Watch  - For Girls, Boys","[""Watches >> Wrist Watches >> Kool Kidz Wrist Watches""]",WATDUK7DKXV8WCAW,475,333,01-11-2022
http://www.flipkart.com/vizion-8502-6black-sports-series-digital-watch-boys-girls/p/itmecsw5b73yj4mp?pid=WATECSW5VZSZETGS,"Vizion 8502-6BLACK Sports Series Digital Watch  - For Boys, Girls","[""Watches >> Wrist Watches >> Vizion Wrist Watches""]",WATECSW5VZSZETGS,1095,595,01-11-2022
http://www.flipkart.com/vencer-stella-7lyt1011-digital-watch-boys/p/itme9r7hmxqt2vqh?pid=WATE9R7HUBNEKXRQ,Vencer Stella 7lyt1011 Digital Watch  - For Boys,"[""Watches >> Wrist Watches >> Vencer Stella Wrist Watches""]",WATE9R7HUBNEKXRQ,399,144,01-11-2022
http://www.flipkart.com/la-briza-mile-boots/p/itme8ma24jwtwhuw?pid=SHODWMHHCXTD47NQ,La Briza Mile Boots,"[""Footwear >> Women's Footwear >> Casual Shoes >> Boots""]",SHODWMHHCXTD47NQ,3999,3999,01-11-2022
http://www.flipkart.com/casela-cas-w-13-basic-analog-watch-boys-girls/p/itmebj37kazbcmz4?pid=WATEBJ37KBB3SEBR,"Casela CAS-W-13 Basic Analog Watch  - For Boys, Girls","[""Watches >> Wrist Watches >> Casela Wrist Watches""]",WATEBJ37KBB3SEBR,3999,899,01-11-2022
http://www.flipkart.com/sneha-unique-boots/p/itmect5vbb3h2hkb?pid=SHOECT5VY7CWRY4G,Sneha Unique Boots,"[""Footwear >> Women's Footwear >> Casual Shoes >> Boots""]",SHOECT5VY7CWRY4G,1799,899,01-11-2022
http://www.flipkart.com/timer-tc-690143-analog-watch-boys/p/itmeayygqj7r39h3?pid=WATEAYYG5EDFWTCS,Timer TC_-_690143 Analog Watch  - For Boys,"[""Watches >> Wrist Watches >> Timer Wrist Watches""]",WATEAYYG5EDFWTCS,1299,549,01-11-2022
http://www.flipkart.com/ne-regular-fit-men-s-jeans/p/itmedjxqhxpujqek?pid=JEAEDJXQXQZ8TMTU,NE Regular Fit Men's Jeans,"[""Clothing >> Men's Clothing >> Jeans >> NE Jeans""]",JEAEDJXQXQZ8TMTU,4999,1899,01-11-2022
http://www.flipkart.com/shuz-touch-boots/p/itmecxpm57rcspy4?pid=SHOECXPMAQXZ3QPH,Shuz Touch Boots,"[""Footwear >> Women's Footwear >> Casual Shoes >> Boots""]",SHOECXPMAQXZ3QPH,2995,2995,01-11-2022
http://www.flipkart.com/kielz-ladies-boots/p/itmef9g7dygfgdet?pid=SHOEF9G8CVWHRH5M,Kielz Ladies Boots,"[""Footwear >> Women's Footwear >> Casual Shoes >> Boots""]",SHOEF9G8CVWHRH5M,2499,1149,01-11-2022
http://www.flipkart.com/colat-colat-m08-roman-numerals-analog-watch-men-boys/p/itme2rx9gtfueffm?pid=WATE2RX9CHBGEDRC,"Colat COLAT_M08 Roman Numerals Analog Watch  - For Men, Boys","[""Watches >> Wrist Watches >> Colat Wrist Watches""]",WATE2RX9CHBGEDRC,4999,1049,01-11-2022
http://www.flipkart.com/kielz-ladies-boots/p/itmefmrzgbtukpzc?pid=SHOEFMRZZAXFQW4F,Kielz Ladies Boots,"[""Footwear >> Women's Footwear >> Casual Shoes >> Boots""]",SHOEFMRZZAXFQW4F,2299,899,01-11-2022
http://www.flipkart.com/belle-gambe-boots/p/itmec9fzj24pv6cj?pid=SHOEC9FZ3BAF7ASF,Belle Gambe Boots,"[""Footwear >> Women's Footwear >> Casual Shoes >> Boots""]",SHOEC9FZ3BAF7ASF,3999,1695,01-11-2022
http://www.flipkart.com/titan-1639sl03-analog-watch-boys-men/p/itmedbvhefg7gm2b?pid=WATEDBVHQ6AJX7N9,"Titan 1639SL03 Analog Watch  - For Boys, Men","[""Watches >> Wrist Watches >> Titan Wrist Watches""]",WATEDBVHQ6AJX7N9,1795,1695,01-11-2022
http://www.flipkart.com/selfie-boots/p/itmecswqhzxbahta?pid=SHOECSWQCEZRR82X,Selfie Boots,"[""Footwear >> Women's Footwear >> Casual Shoes >> Boots""]",SHOECSWQCEZRR82X,1200,599,01-11-2022
http://www.flipkart.com/clincher-semonday-boots/p/itme8sesyrcgcmwt?pid=SHOE8SESVWJYNH37,Clincher Semonday Boots,"[""Footwear >> Women's Footwear >> Casual Shoes >> Boots""]",SHOE8SESVWJYNH37,3499,3499,01-11-2022
http://www.flipkart.com/srushti-art-jewelry-megnet-led-sport-blackred1-digital-watch-men-women-boys-girls/p/itmedfhaphf34yy8?pid=WATEDFHARG4YSPCA,"Srushti Art Jewelry Megnet_Led_Sport_BlackRed1 Digital Watch  - For Men, Women, Boys, Girls","[""Watches >> Wrist Watches >> Srushti Art Jewelry Wrist Watches""]",WATEDFHARG4YSPCA,799,200,01-11-2022
http://www.flipkart.com/kielz-ladies-boots/p/itmef9g8ctnbfvxr?pid=SHOEF9G8Z4ZXF6WE,Kielz Ladies Boots,"[""Footwear >> Women's Footwear >> Casual Shoes >> Boots""]",SHOEF9G8Z4ZXF6WE,2499,1149,01-11-2022
http://www.flipkart.com/q-q-vq13-008-analog-watch-girls-boys/p/itmduhdbdttvemws?pid=WATDUHDBDTTVEMWS,"Q&Q VQ13-008 Analog Watch  - For Girls, Boys","[""Watches >> Wrist Watches >> Q&Q Wrist Watches""]",WATDUHDBDTTVEMWS,585,526,01-11-2022
http://www.flipkart.com/belle-gambe-boots/p/itmec9fzhygbz5n9?pid=SHOEC9FZGGD6GJRV,Belle Gambe Boots,"[""Footwear >> Women's Footwear >> Casual Shoes >> Boots""]",SHOEC9FZGGD6GJRV,3499,1765,01-11-2022
http://www.flipkart.com/escort-e-1700-906-blk-analog-watch-men-boys/p/itmecddd6gxm9weg?pid=WATECDDDQ7SFDD6K,"Escort E-1700-906_Blk Analog Watch  - For Men, Boys","[""Watches >> Wrist Watches >> Escort Wrist Watches""]",WATECDDDQ7SFDD6K,1925,1829,01-11-2022
http://www.flipkart.com/roxy-boots/p/itme9udkeqb5gtre?pid=SHOE9UDJKNVSDH72,Roxy Boots,"[""Footwear >> Women's Footwear >> Casual Shoes >> Boots""]",SHOE9UDJKNVSDH72,19995,9997,01-11-2022
http://www.flipkart.com/lee-men-s-jeans/p/itme6yutxhvz7wcv?pid=JEAE6YUTDBH6DCPK,Lee Men's Jeans,"[""Clothing >> Men's Clothing >> Jeans >> Lee Jeans""]",JEAE6YUTDBH6DCPK,2699,1619,01-11-2022
http://www.flipkart.com/bruno-manetti-676-boots/p/itme6dvytedkfkgd?pid=SHOE6DVYGT9ZHBUY,Bruno Manetti 676 Boots,"[""Footwear >> Women's Footwear >> Casual Shoes >> Boots""]",SHOE6DVYGT9ZHBUY,2999,1199,01-11-2022
http://www.flipkart.com/estilo-1056-analog-watch-boys-men/p/itmecsyfgbmp43rh?pid=WATECSYFBDTEVR5V,"Estilo 1056 Analog Watch  - For Boys, Men","[""Watches >> Wrist Watches >> Estilo Wrist Watches""]",WATECSYFBDTEVR5V,1299,299,01-11-2022
http://www.flipkart.com/jack-klein-blackled-digital-watch-boys/p/itmeayzj7fcpxgpy?pid=WATEAYZJBFJXB4FZ,Jack klein BlackLed Digital Watch  - For Boys,"[""Watches >> Wrist Watches >> Jack klein Wrist Watches""]",WATEAYZJBFJXB4FZ,999,150,01-11-2022
http://www.flipkart.com/north-moon-iw-005-fk-silicone-ion-digital-watch-boys-girls-women/p/itme6gaqdmuyr2tz?pid=WATE6GAQSZYB3FKY,"North Moon IW-005-FK Silicone Ion Digital Watch  - For Boys, Girls, Women","[""Watches >> Wrist Watches >> North Moon Wrist Watches""]",WATE6GAQSZYB3FKY,235,150,01-11-2022
http://www.flipkart.com/shuz-touch-boots/p/itmebkey3hbbzz7b?pid=SHOEBKEYSKS87GKG,Shuz Touch Boots,"[""Footwear >> Women's Footwear >> Casual Shoes >> Boots""]",SHOEBKEYSKS87GKG,1499,1270,01-11-2022
http://www.flipkart.com/foot-candy-boots/p/itmec897uqhyx7jh?pid=SHOEC898KWFVFESU,Foot Candy Boots,"[""Footwear >> Women's Footwear >> Casual Shoes >> Boots""]",SHOEC898KWFVFESU,2899,1699,01-11-2022
http://www.flipkart.com/credos-boots/p/itmedhhsqrsb9xnx?pid=SHOEDHHSRF6FMWGA,Credos Boots,"[""Footwear >> Women's Footwear >> Casual Shoes >> Boots""]",SHOEDHHSRF6FMWGA,4499,3499,01-11-2022
http://www.flipkart.com/rich-club-apple-shaped-led-digital-watch-boys-girls/p/itmeczkyhvuhfgqs?pid=WATECZKY7QX38DNH,"Rich Club Apple Shaped LED Digital Watch  - For Boys, Girls","[""Watches >> Wrist Watches >> Rich Club Wrist Watches""]",WATECZKY7QX38DNH,999,149,01-11-2022
http://www.flipkart.com/skmei-ad1031-black-formal-analog-digital-watch-men-boys/p/itme9mvxbntbvtzg?pid=WATE9MVXX3DZ5UKD,"Skmei AD1031-Black Formal Analog-Digital Watch  - For Men, Boys","[""Watches >> Wrist Watches >> Skmei Wrist Watches""]",WATE9MVXX3DZ5UKD,2499,1699,01-11-2022
http://www.flipkart.com/kielz-ladies-boots/p/itmef9g7gu2zzsnz?pid=SHOEF9G8WTWGAAFB,Kielz Ladies Boots,"[""Footwear >> Women's Footwear >> Casual Shoes >> Boots""]",SHOEF9G8WTWGAAFB,2799,1299,01-11-2022
http://www.flipkart.com/kms-ironman-look-led-black11-digital-watch-men-women-girls-boys/p/itmed3zj6uaddkxa?pid=WATED3ZJHMGJQ8EY,"Kms Ironman_Look_Led_Black11 Digital Watch  - For Men, Women, Girls, Boys","[""Watches >> Wrist Watches >> Kms Wrist Watches""]",WATED3ZJHMGJQ8EY,1395,350,01-11-2022
http://www.flipkart.com/anand-archies-boots/p/itmecxphqb4sdd9x?pid=SHOECXPHZSFGQEZZ,Anand Archies Boots,"[""Footwear >> Women's Footwear >> Casual Shoes >> Boots""]",SHOECXPHZSFGQEZZ,499,499,01-11-2022
http://www.flipkart.com/magnum-footwear-lifestyle-boots/p/itmeby82c69hdqpg?pid=SHOEBZ65KFSBZKBT,Magnum Footwear Lifestyle Boots,"[""Footwear >> Women's Footwear >> Casual Shoes >> Boots""]",SHOEBZ65KFSBZKBT,2999,1899,01-11-2022
http://www.flipkart.com/steppings-trendy-boots/p/itme96vehnsegwvg?pid=SHOE2GUJW6XNFG3W,Steppings Trendy Boots,"[""Footwear >> Women's Footwear >> Casual Shoes >> Boots""]",SHOE2GUJW6XNFG3W,2199,1099,01-11-2022
http://www.flipkart.com/swag-670038-analog-watch-boys/p/itmecf8zpzqgchjs?pid=WATECF8ZMJRTGZVK,Swag 670038 Analog Watch  - For Boys,"[""Watches >> Wrist Watches >> Swag Wrist Watches""]",WATECF8ZMJRTGZVK,2499,899,01-11-2022
http://www.flipkart.com/bonzer-boots/p/itmeapcyhs84pmgg?pid=SHOEAPCYWEAFSFU5,Bonzer Boots,"[""Footwear >> Women's Footwear >> Casual Shoes >> Boots""]",SHOEAPCYWEAFSFU5,999,499,01-11-2022
http://www.flipkart.com/roadster-skinny-fit-men-s-jeans/p/itme8czgkzup3wgf?pid=JEAE8CZGJ8PGGHRQ,Roadster Skinny Fit Fit Men's Jeans,"[""Clothing >> Men's Clothing >> Jeans >> Roadster Jeans""]",JEAE8CZGJ8PGGHRQ,2499,1249,01-11-2022
http://www.flipkart.com/selfie-black-denim-boots/p/itme3tzmqpteusft?pid=SHOE3TZMQHKWG7TT,Selfie Black Denim Boots,"[""Footwear >> Women's Footwear >> Casual Shoes >> Boots""]",SHOE3TZMQHKWG7TT,1000,499,01-11-2022
http://www.flipkart.com/steppings-boots/p/itmebg7ykhfhtqjg?pid=SHOEBG6ZS2YREWHD,Steppings Boots Boots,"[""Footwear >> Women's Footwear >> Casual Shoes >> Boots""]",SHOEBG6ZS2YREWHD,3199,2559,01-11-2022
http://www.flipkart.com/q-q-lla2-213-digital-watch-boys-girls/p/itmdz9cehwyqvfrt?pid=WATDZ9CEZAQHHTZ6,"Q&Q LLA2-213 Digital Watch  - For Boys, Girls","[""Watches >> Wrist Watches >> Q&Q Wrist Watches""]",WATDZ9CEZAQHHTZ6,645,645,01-11-2022
http://www.flipkart.com/belle-gambe-winter-boots/p/itmefzxrgg9mgwxc?pid=SHOEFZXRNYJKPPYG,Belle Gambe Winter Boots,"[""Footwear >> Women's Footwear >> Casual Shoes >> Boots""]",SHOEFZXRNYJKPPYG,3499,1695,01-11-2022
http://www.flipkart.com/hala-red-black-trendy-digital-watch-boys-girls-men/p/itmeauab79jvz5jd?pid=WATEAUABHVPGRBAS,"Hala Red In Black trendy digital Digital Watch  - For Boys, Girls, Men","[""Watches >> Wrist Watches >> Hala Wrist Watches""]",WATEAUABHVPGRBAS,399,159,01-11-2022
http://www.flipkart.com/kielz-ladies-boots/p/itme2zngww36smbh?pid=SHOE2ZNGUCA4DHHP,Kielz Ladies Boots,"[""Footwear >> Women's Footwear >> Casual Shoes >> Boots""]",SHOE2ZNGUCA4DHHP,2499,1249,01-11-2022
http://www.flipkart.com/kielz-boots/p/itmecs7d44svzfqr?pid=SHOECS7EXZXZSWHW,Kielz Boots,"[""Footwear >> Women's Footwear >> Casual Shoes >> Boots""]",SHOECS7EXZXZSWHW,2499,1999,01-11-2022
http://www.flipkart.com/franck-bella-fb74c-analog-watch-boys-men/p/itme9m3ruhhdgkqs?pid=WATE9M3RRRKZK4FD,"Franck Bella FB74C Analog Watch  - For Boys, Men","[""Watches >> Wrist Watches >> Franck Bella Wrist Watches""]",WATE9M3RRRKZK4FD,1299,780,01-11-2022
http://www.flipkart.com/carlton-london-boots/p/itmdzzzyg9rnpven?pid=SHOECB92BGNGSZGZ,Carlton London Boots,"[""Footwear >> Women's Footwear >> Casual Shoes >> Boots""]",SHOECB92BGNGSZGZ,2295,2295,01-11-2022
http://www.flipkart.com/ridas-apl-led-black-apple-shape-digital-watch-boys/p/itme695ydcsmjrfn?pid=WATE695YXNTDWTE8,Ridas Apl_led_black Apple Shape Digital Watch  - For Boys,"[""Watches >> Wrist Watches >> Ridas Wrist Watches""]",WATE695YXNTDWTE8,349,249,01-11-2022
http://www.flipkart.com/shuz-touch-boots/p/itmecjd56gybhhpk?pid=SHOECJD5WVAGAJEH,Shuz Touch Boots,"[""Footwear >> Women's Footwear >> Casual Shoes >> Boots""]",SHOECJD5WVAGAJEH,4495,4495,01-11-2022
http://www.flipkart.com/la-briza-andria-boots/p/itmey8mdgz8a5j2h?pid=SHOEFAJ5TYC2JMCH,La Briza Andria Boots,"[""Footwear >> Women's Footwear >> Casual Shoes >> Boots""]",SHOEFAJ5TYC2JMCH,2099,2099,01-11-2022
http://www.flipkart.com/skmei-1070blk-sports-analog-digital-watch-men-boys/p/itme8b5kfyzqabtj?pid=WATE8B5KWSTMZK7P,"Skmei 1070BLK Sports Analog-Digital Watch  - For Men, Boys","[""Watches >> Wrist Watches >> Skmei Wrist Watches""]",WATE8B5KWSTMZK7P,2345,1179,01-11-2022
http://www.flipkart.com/kielz-ladies-boots/p/itmef9g8affqyetx?pid=SHOEF9G8NSYGZW8W,Kielz Ladies Boots,"[""Footwear >> Women's Footwear >> Casual Shoes >> Boots""]",SHOEF9G8NSYGZW8W,1899,999,01-11-2022
http://www.flipkart.com/carlton-london-boots/p/itmecbn3h6qmbfqs?pid=SHOECBN4QGZECV6F,Carlton London Boots,"[""Footwear >> Women's Footwear >> Casual Shoes >> Boots""]",SHOECBN4QGZECV6F,1995,1995,01-11-2022
http://www.flipkart.com/skmei-ad1057-dark-orange-sports-analog-digital-watch-men-boys/p/itme9mvxh2zhxrfk?pid=WATE9MVXHMTCFZSP,"Skmei AD1057-Dark-Orange Sports Analog-Digital Watch  - For Men, Boys","[""Watches >> Wrist Watches >> Skmei Wrist Watches""]",WATE9MVXHMTCFZSP,1799,1199,01-11-2022
http://www.flipkart.com/urban-country-ladies-boots/p/itmefhp6bpck3hua?pid=SHOEFHP6DMKFTPHQ,Urban Country Ladies Boots,"[""Footwear >> Women's Footwear >> Casual Shoes >> Boots""]",SHOEFHP6DMKFTPHQ,3299,1650,01-11-2022
http://www.flipkart.com/now-sp-ethnic-analog-watch-boys/p/itmecdb6hydv8da9?pid=WATECDB6HPXBVXCF,Now SP-ETHNIC Analog Watch  - For Boys,"[""Watches >> Wrist Watches >> Now Wrist Watches""]",WATECDB6HPXBVXCF,600,600,01-11-2022
http://www.flipkart.com/disney-msfr190-01b-analog-watch-boys-girls/p/itmdqzghdftyu2nc?pid=WATDQZGHD8QYYXTQ,"Disney MSFR190-01B Analog Watch  - For Boys, Girls","[""Watches >> Wrist Watches >> Disney Wrist Watches""]",WATDQZGHD8QYYXTQ,1350,1350,01-11-2022
http://www.flipkart.com/get-glamr-designer-yuvu-boots/p/itmec8qgef4qqmyx?pid=SHOEC8QGMZ3UJFTG,Get Glamr Designer Yuvu Boots,"[""Footwear >> Women's Footwear >> Casual Shoes >> Boots""]",SHOEC8QGMZ3UJFTG,3499,2799,01-11-2022
http://www.flipkart.com/kielz-boots/p/itmecs7dqbqzt7yh?pid=SHOECS7GMGV2HHYE,Kielz Boots,"[""Footwear >> Women's Footwear >> Casual Shoes >> Boots""]",SHOECS7GMGV2HHYE,2499,2399,01-11-2022
http://www.flipkart.com/belle-gambe-boots/p/itmec9fny2rvu2uq?pid=SHOEC9FZZGGADEFJ,Belle Gambe Boots,"[""Footwear >> Women's Footwear >> Casual Shoes >> Boots""]",SHOEC9FZZGGADEFJ,3999,1765,01-11-2022
http://www.flipkart.com/remson-india-boots/p/itmecxzepjpzcpyy?pid=SHOECXZEHUBBZYJV,Remson India Boots,"[""Footwear >> Women's Footwear >> Casual Shoes >> Boots""]",SHOECXZEHUBBZYJV,3999,1999,01-11-2022
http://www.flipkart.com/steppings-trendy-boots/p/itme96vesg4aqv7g?pid=SHOE2FQCMD3TAYMF,Steppings Trendy Boots,"[""Footwear >> Women's Footwear >> Casual Shoes >> Boots""]",SHOE2FQCMD3TAYMF,1599,639,01-11-2022
http://www.flipkart.com/jacques-farel-kwd2324-analog-watch-boys/p/itmdukhhh4sqxdak?pid=WATDUKHHH4SQXDAK,Jacques Farel KWD2324 Analog Watch  - For Boys,"[""Watches >> Wrist Watches >> Jacques Farel Wrist Watches""]",WATDUKHHH4SQXDAK,2850,1567,01-11-2022
http://www.flipkart.com/rialto-boots/p/itmedd2hba75u3y7?pid=SHOEDD2H6ZHT9YNQ,Rialto Boots,"[""Footwear >> Women's Footwear >> Casual Shoes >> Boots""]",SHOEDD2H6ZHT9YNQ,2795,1800,01-11-2022
http://www.flipkart.com/salt-n-pepper-13-455-pisa-black-boots/p/itmdumfym7xj2ynx?pid=SHODUMFYWTPDYNX6,Salt N Pepper 13-455 Pisa Black Boots,"[""Footwear >> Women's Footwear >> Casual Shoes >> Boots""]",SHODUMFYWTPDYNX6,4995,3746,01-11-2022
http://www.flipkart.com/oxter-chrono-blue-italia-analog-watch-men-boys/p/itmecvgyadqw6v2g?pid=WATECVGYJXPGREKD,"Oxter Chrono Blue Italia Analog Watch  - For Men, Boys","[""Watches >> Wrist Watches >> Oxter Wrist Watches""]",WATECVGYJXPGREKD,999,299,01-11-2022
http://www.flipkart.com/klaur-melbourne-boots/p/itmebfywxcrjtngt?pid=SHOEBFYWECAPUEXE,Klaur Melbourne Boots,"[""Footwear >> Women's Footwear >> Casual Shoes >> Boots""]",SHOEBFYWECAPUEXE,3499,1574,01-11-2022
http://www.flipkart.com/positif-pfbk612-analog-watch-men-boys/p/itmedfzpcxhhtdfg?pid=WATEDFZPGGZG8HGM,"Positif Pfbk612 Analog Watch  - For Men, Boys","[""Watches >> Wrist Watches >> Positif Wrist Watches""]",WATEDFZPGGZG8HGM,1100,800,01-11-2022
http://www.flipkart.com/selfie-boots/p/itmecswqwpgqfhzc?pid=SHOECV4SKFKBN8QQ,Selfie Boots,"[""Footwear >> Women's Footwear >> Casual Shoes >> Boots""]",SHOECV4SKFKBN8QQ,1200,599,01-11-2022
http://www.flipkart.com/d-signer-688rgm-brn-analog-watch-men-boys/p/itmebfpxg9mkhjwb?pid=WATEBFPXFYMWJGJZ,"D'SIGNER 688RGM _BRN Analog Watch  - For Men, Boys","[""Watches >> Wrist Watches >> D'SIGNER Wrist Watches""]",WATEBFPXFYMWJGJZ,8995,8545,01-11-2022
http://www.flipkart.com/salt-n-pepper-13-019-femme-taupe-boots/p/itme6zqdhned96pf?pid=SHOE6ZQFRGNTW8JX,Salt N Pepper 13-019 Femme Taupe Boots Boots,"[""Footwear >> Women's Footwear >> Casual Shoes >> Boots""]",SHOE6ZQFRGNTW8JX,4195,2050,01-11-2022
http://www.flipkart.com/franck-bella-fb127a-analog-watch-boys-men/p/itmebd3fbfghgmwn?pid=WATEBD3FJNXFXSBH,"Franck Bella FB127A Analog Watch  - For Boys, Men","[""Watches >> Wrist Watches >> Franck Bella Wrist Watches""]",WATEBD3FJNXFXSBH,1250,999,01-11-2022
http://www.flipkart.com/get-glamr-stylish-boots/p/itme3urgcjtwjfy6?pid=SHOE3URGYEVZ55GD,Get Glamr Stylish Boots,"[""Footwear >> Women's Footwear >> Casual Shoes >> Boots""]",SHOE3URGYEVZ55GD,1999,499,01-11-2022
http://www.flipkart.com/felix-3541-w-s-metal-analog-watch-boys-girls/p/itmeb5ezx3vuqyym?pid=WATEB5EZRN3NYXAG,"Felix 3541 W-S METAL Analog Watch  - For Boys, Girls","[""Watches >> Wrist Watches >> Felix Wrist Watches""]",WATEB5EZRN3NYXAG,1350,555,01-11-2022
http://www.flipkart.com/steppings-trendy-boots/p/itme96vefbs3gatf?pid=SHOE2FQCR89ZNN8W,Steppings Trendy Boots,"[""Footwear >> Women's Footwear >> Casual Shoes >> Boots""]",SHOE2FQCR89ZNN8W,1799,719,01-11-2022
http://www.flipkart.com/steppings-boots/p/itmebg6zzhsbpkqn?pid=SHOEBG6ZGRJ9BGGN,Steppings Boots Boots,"[""Footwear >> Women's Footwear >> Casual Shoes >> Boots""]",SHOEBG6ZGRJ9BGGN,3199,2559,01-11-2022
http://www.flipkart.com/skmei-dg0939-red-sports-digital-watch-men-boys/p/itme9mvx9khxkkfp?pid=WATE9MVXDEVHGHAU,"Skmei DG0939-Red Sports Digital Watch  - For Men, Boys","[""Watches >> Wrist Watches >> Skmei Wrist Watches""]",WATE9MVXDEVHGHAU,1499,999,01-11-2022
http://www.flipkart.com/do-bhai-boots/p/itmeckeyvhacfh2t?pid=SHOECKEYCF73BXZX,Do Bhai Boots,"[""Footwear >> Women's Footwear >> Casual Shoes >> Boots""]",SHOECKEYCF73BXZX,799,699,01-11-2022
http://www.flipkart.com/vizion-8502-4blue-sports-series-digital-watch-boys-girls/p/itmecsw5x4tsbvna?pid=WATECSW5XEYZW3G6,"Vizion 8502-4BLUE Sports Series Digital Watch  - For Boys, Girls","[""Watches >> Wrist Watches >> Vizion Wrist Watches""]",WATECSW5XEYZW3G6,1095,595,01-11-2022
http://www.flipkart.com/steppings-boots/p/itmebg6zut5swqch?pid=SHOEBG7YXR7GHBHM,Steppings Boots Boots,"[""Footwear >> Women's Footwear >> Casual Shoes >> Boots""]",SHOEBG7YXR7GHBHM,3199,2559,01-11-2022
http://www.flipkart.com/steppings-trendy-boots/p/itme96vf27phdb9r?pid=SHOE3S9BGW4GGEFJ,Steppings Trendy Boots,"[""Footwear >> Women's Footwear >> Casual Shoes >> Boots""]",SHOE3S9BGW4GGEFJ,3499,2099,01-11-2022
http://www.flipkart.com/sam-stefy-boots/p/itmebywsjxcfadhr?pid=SHOEBYWSZ4ZRNQPU,Sam Stefy Boots,"[""Footwear >> Women's Footwear >> Casual Shoes >> Boots""]",SHOEBYWSZ4ZRNQPU,1050,449,01-11-2022
http://www.flipkart.com/ten-women-s-tan-mid-length-boots/p/itmeck2fvgwvhdg3?pid=SHOECK2F25ZZS6GG,TEN TEN Women's Tan Mid Length Boots Boots,"[""Footwear >> Women's Footwear >> Casual Shoes >> Boots""]",SHOECK2F25ZZS6GG,4495,1895,01-11-2022
http://www.flipkart.com/remson-india-boots/p/itmecxzepjpzcpyy?pid=SHOECXZEFH55CZT9,Remson India Boots,"[""Footwear >> Women's Footwear >> Casual Shoes >> Boots""]",SHOECXZEFH55CZT9,3999,1999,01-11-2022
http://www.flipkart.com/get-glamr-dazzle-boots/p/itme56uuzwwmanph?pid=SHOE56UUZKFVHXYP,Get Glamr Dazzle Boots,"[""Footwear >> Women's Footwear >> Casual Shoes >> Boots""]",SHOE56UUZKFVHXYP,3499,499,01-11-2022
http://www.flipkart.com/jack-klein-goldjack-analog-watch-boys-men/p/itme9cfhtm9zgmgt?pid=WATE9CFHPAEU3G4B,"Jack Klein Goldjack Analog Watch  - For Boys, Men","[""Watches >> Wrist Watches >> Jack Klein Wrist Watches""]",WATE9CFHPAEU3G4B,1999,262,01-11-2022
http://www.flipkart.com/dearfoams-boots/p/itme8na5rhwecqtp?pid=SHOE8NA5SUXGYGYY,Dearfoams Boots,"[""Footwear >> Women's Footwear >> Casual Shoes >> Boots""]",SHOE8NA5SUXGYGYY,1820,1820,01-11-2022
http://www.flipkart.com/fastrack-38015pl01-analog-watch-men-boys/p/itme9wksvfnhzzzy?pid=WATE9WKSHRYTM2PP,"fastrack 38015PL01 Analog Watch  - For Men, Boys","[""Watches >> Wrist Watches >> fastrack Wrist Watches""]",WATE9WKSHRYTM2PP,2495,2495,01-11-2022
http://www.flipkart.com/kielz-ladies-boots/p/itmef9g7qztvgstb?pid=SHOEF9G8GXBDSEUG,Kielz Ladies Boots,"[""Footwear >> Women's Footwear >> Casual Shoes >> Boots""]",SHOEF9G8GXBDSEUG,2799,1299,01-11-2022
http://www.flipkart.com/avon-pk-504-analog-watch-men-boys/p/itmebnxnqtgtwpry?pid=WATEBNXNMQQQFSQG,"A Avon PK_504 Analog Watch  - For Men, Boys","[""Watches >> Wrist Watches >> A Avon Wrist Watches""]",WATEBNXNMQQQFSQG,2499,1249,01-11-2022
http://www.flipkart.com/kielz-ladies-boots/p/itme356k6upmumws?pid=SHOE356K9ZRUHW5N,Kielz Ladies Boots,"[""Footwear >> Women's Footwear >> Casual Shoes >> Boots""]",SHOE356K9ZRUHW5N,1999,999,01-11-2022
http://www.flipkart.com/franck-bella-fb0122dd-analog-watch-men-boys/p/itmebs25y2xpdyfd?pid=WATEBS25GGVJ87KF,"Franck Bella FB0122DD Analog Watch  - For Men, Boys","[""Watches >> Wrist Watches >> Franck Bella Wrist Watches""]",WATEBS25GGVJ87KF,1299,1039,01-11-2022
http://www.flipkart.com/catwalk-boots/p/itmea4hajgakcxqn?pid=SHOEA4HAJ8FZ5HCX,Catwalk Boots,"[""Footwear >> Women's Footwear >> Casual Shoes >> Boots""]",SHOEA4HAJ8FZ5HCX,2095,999,01-11-2022
http://www.flipkart.com/rialto-boots/p/itmed5dcgzhq3cgj?pid=SHOED5DCSTQKZCGF,Rialto Boots,"[""Footwear >> Women's Footwear >> Casual Shoes >> Boots""]",SHOED5DCSTQKZCGF,3295,2395,01-11-2022
http://www.flipkart.com/salt-n-pepper-12-298-taupe-boots/p/itme92zzwwzs6p8n?pid=SHOE92ZZVRNZHNSB,Salt N Pepper 12-298 Taupe Boots,"[""Footwear >> Women's Footwear >> Casual Shoes >> Boots""]",SHOE92ZZVRNZHNSB,4395,2150,01-11-2022
http://www.flipkart.com/alfajr-wq18-qibla-compass-digital-watch-men-boys-girls/p/itmecgg4ybbwegzf?pid=WATECGG4W76YEBUB,"Alfajr WQ18 Qibla Compass Digital Watch  - For Men, Boys, Girls","[""Watches >> Wrist Watches >> Alfajr Wrist Watches""]",WATECGG4W76YEBUB,8995,7495,01-11-2022
http://www.flipkart.com/magnum-footwear-lifestyle-boots/p/itmebz3ce3vfdtjh?pid=SHOEBZ3DYJZDTGAP,Magnum Footwear Lifestyle Boots,"[""Footwear >> Women's Footwear >> Casual Shoes >> Boots""]",SHOEBZ3DYJZDTGAP,5999,3199,01-11-2022
http://www.flipkart.com/steppings-trendy-boots/p/itme96vfeckarw36?pid=SHOE3S9B2TDHEQDU,Steppings Trendy Boots,"[""Footwear >> Women's Footwear >> Casual Shoes >> Boots""]",SHOE3S9B2TDHEQDU,3599,2519,01-11-2022
http://www.flipkart.com/sale-funda-sfgfu694-analog-watch-boys-men/p/itmecqhnqeamepw4?pid=WATECQHN32HEEQGY,"Sale Funda SFGFU694 Analog Watch  - For Boys, Men","[""Watches >> Wrist Watches >> Sale Funda Wrist Watches""]",WATECQHN32HEEQGY,2499,599,01-11-2022
http://www.flipkart.com/steppings-trendy-boots/p/itme96veygfsanzk?pid=SHOE2GUGZGFYZHEY,Steppings Trendy Boots,"[""Footwear >> Women's Footwear >> Casual Shoes >> Boots""]",SHOE2GUGZGFYZHEY,2199,1099,01-11-2022
http://www.flipkart.com/britex-bt2050-bt3101-he-she-analog-watch-couple-women-men-boys-girls/p/itme8gdgmwnass8y?pid=WATE8GDGPNKRTURP,"Britex BT2050+BT3101 He & She Analog Watch  - For Couple, Women, Men, Boys, Girls","[""Watches >> Wrist Watches >> Britex Wrist Watches""]",WATE8GDGPNKRTURP,1990,699,01-11-2022
http://www.flipkart.com/tsg-kelz-boots/p/itmefse2mht2dhcn?pid=SHOEFSE2WAFKZFHX,TSG Kelz Boots,"[""Footwear >> Women's Footwear >> Casual Shoes >> Boots""]",SHOEFSE2WAFKZFHX,2650,2650,01-11-2022
http://www.flipkart.com/3wish-cur-blue-silver-blue-8023-analog-watch-boys-men/p/itmece85hud3z3mj?pid=WATECE855W5YFE3H,"3wish CUR-BLUE Silver Blue 8023 Analog Watch  - For Boys, Men","[""Watches >> Wrist Watches >> 3wish Wrist Watches""]",WATECE855W5YFE3H,2999,995,01-11-2022
http://www.flipkart.com/j-d-h-111-222-boots/p/itme4hkya9ff9uph?pid=SHOE4HKYRFPHCJWX,J.D.H. 111-222 Boots,"[""Footwear >> Women's Footwear >> Casual Shoes >> Boots""]",SHOE4HKYRFPHCJWX,1500,599,01-11-2022
http://www.flipkart.com/disney-98189-analog-watch-boys-girls/p/itmdqzghjqb8a2qt?pid=WATDQZGHJ9ARVGGK,"Disney 98189 Analog Watch  - For Boys, Girls","[""Watches >> Wrist Watches >> Disney Wrist Watches""]",WATDQZGHJ9ARVGGK,1800,900,01-11-2022
http://www.flipkart.com/get-glamr-designer-snowra-boots/p/itmec8qgkamzwkes?pid=SHOEC8QGTYTSYHRC,Get Glamr Designer Snowra Boots,"[""Footwear >> Women's Footwear >> Casual Shoes >> Boots""]",SHOEC8QGTYTSYHRC,2799,2239,01-11-2022
http://www.flipkart.com/lenco-dcompass2010-quazi-analog-digital-watch-men-boys/p/itmeckrbgrukbmag?pid=WATECKRBTUPHUXPC,"Lenco DCOMPASS2010 Quazi Analog-Digital Watch  - For Men, Boys","[""Watches >> Wrist Watches >> Lenco Wrist Watches""]",WATECKRBTUPHUXPC,1999,849,01-11-2022
http://www.flipkart.com/pinza-black-christmas-boots/p/itme2k68gpy739dz?pid=SHOE2K68QHZ3DWZF,Pinza Black Christmas Boots,"[""Footwear >> Women's Footwear >> Casual Shoes >> Boots""]",SHOE2K68QHZ3DWZF,3350,1900,01-11-2022
http://www.flipkart.com/kielz-ladies-boots/p/itmefmrzcezqmqgg?pid=SHOEFMRZZEBCGEJT,Kielz Ladies Boots,"[""Footwear >> Women's Footwear >> Casual Shoes >> Boots""]",SHOEFMRZZEBCGEJT,2799,1299,01-11-2022
http://www.flipkart.com/salt-n-pepper-13-552-rebacca-almond-boots/p/itmdumfye8qufzjk?pid=SHODUMFYWHFYZRPY,Salt N Pepper 13-552 Rebacca Almond Boots,"[""Footwear >> Women's Footwear >> Casual Shoes >> Boots""]",SHODUMFYWHFYZRPY,3495,2621,01-11-2022
http://www.flipkart.com/rockstar-r-056-chrono-analog-watch-men-boys/p/itme68h56btg6jtg?pid=WATE68H5CT3JRKEZ,"Rockstar R_056 Chrono Analog Watch  - For Men, Boys","[""Watches >> Wrist Watches >> Rockstar Wrist Watches""]",WATE68H5CT3JRKEZ,1299,299,01-11-2022
http://www.flipkart.com/disney-dw100405-digital-watch-boys/p/itmebyjafvbzhzzm?pid=WATEBYJABFE8WYTN,Disney DW100405 Digital Watch  - For Boys,"[""Watches >> Wrist Watches >> Disney Wrist Watches""]",WATEBYJABFE8WYTN,1495,1345,01-11-2022
http://www.flipkart.com/selfie-boots/p/itmecswqruu8uuzh?pid=SHOECSWQHDGU3DUC,Selfie Boots,"[""Footwear >> Women's Footwear >> Casual Shoes >> Boots""]",SHOECSWQHDGU3DUC,1200,599,01-11-2022
http://www.flipkart.com/vizion-8502-7purple-sports-series-digital-watch-boys-girls/p/itmecsw5ykywn7ug?pid=WATECSW5DJ3UBZYT,"Vizion 8502-7PURPLE Sports Series Digital Watch  - For Boys, Girls","[""Watches >> Wrist Watches >> Vizion Wrist Watches""]",WATECSW5DJ3UBZYT,1095,595,01-11-2022
http://www.flipkart.com/belle-gambe-boots/p/itmec9fzjrfkfynk?pid=SHOEC9FZ7W9HTAQG,Belle Gambe Boots,"[""Footwear >> Women's Footwear >> Casual Shoes >> Boots""]",SHOEC9FZ7W9HTAQG,3499,1795,01-11-2022
http://www.flipkart.com/disney-lp-1008-yellow-analog-watch-boys-girls/p/itmdxn6y2mhguw9r?pid=WATDXN6HPRHJ5H3A,"Disney LP-1008 (Yellow) Analog Watch  - For Boys, Girls","[""Watches >> Wrist Watches >> Disney Wrist Watches""]",WATDXN6HPRHJ5H3A,795,795,01-11-2022
http://www.flipkart.com/elantra-s-10-analog-watch-boys-men/p/itmec87guzuc8vzt?pid=WATEC87GMAMZAMWA,"Elantra S 10 Analog Watch  - For Boys, Men","[""Watches >> Wrist Watches >> Elantra Wrist Watches""]",WATEC87GMAMZAMWA,2150,950,01-11-2022
http://www.flipkart.com/willy-winkies-black-boots/p/itme4jces9nbqqgp?pid=SHOE4JCEZDRSHC4S,Willy Winkies Black Boots,"[""Footwear >> Women's Footwear >> Casual Shoes >> Boots""]",SHOE4JCEZDRSHC4S,1499,999,01-11-2022
http://www.flipkart.com/marvel-dw100243-digital-watch-boys-girls/p/itme3gezjyzdheff?pid=WATE3GEYE8JQT7WM,"Marvel DW100243 Digital Watch  - For Boys, Girls","[""Watches >> Wrist Watches >> Marvel Wrist Watches""]",WATE3GEYE8JQT7WM,299,299,01-11-2022
http://www.flipkart.com/djh-boots/p/itmebn3fewjvq5ue?pid=SHOEBN3FFYG75P3D,DJH Boots,"[""Footwear >> Women's Footwear >> Casual Shoes >> Boots""]",SHOEBN3FFYG75P3D,999,499,01-11-2022
http://www.flipkart.com/franck-bella-fb123d-analog-watch-men-boys/p/itmeatzuxe49328q?pid=WATEATZUJHKHH59V,"Franck Bella FB123D Analog Watch  - For Men, Boys","[""Watches >> Wrist Watches >> Franck Bella Wrist Watches""]",WATEATZUJHKHH59V,1645,1316,01-11-2022
http://www.flipkart.com/get-glamr-stylish-boots/p/itme3urgcjtwjfy6?pid=SHOE3URGKNFYXDGP,Get Glamr Stylish Boots,"[""Footwear >> Women's Footwear >> Casual Shoes >> Boots""]",SHOE3URGKNFYXDGP,1999,499,01-11-2022
http://www.flipkart.com/skmei-dg1010-black-gold-sports-digital-watch-men-boys-women-girls/p/itme9mvxh3fwrqdf?pid=WATE9MVXJXHZHEJU,"Skmei DG1010-Black-Gold Sports Digital Watch  - For Men, Boys, Women, Girls","[""Watches >> Wrist Watches >> Skmei Wrist Watches""]",WATE9MVXJXHZHEJU,1299,899,01-11-2022
http://www.flipkart.com/magnum-footwear-lifestyle-boots/p/itmebywtygxvcugx?pid=SHOEBYWT3QBBAVXJ,Magnum Footwear Lifestyle Boots,"[""Footwear >> Women's Footwear >> Casual Shoes >> Boots""]",SHOEBYWT3QBBAVXJ,5999,3599,01-11-2022
http://www.flipkart.com/pinza-blue-cowboy-boots/p/itme2hysy5hpabxh?pid=SHOE2HYSVYWTPJYF,Pinza Blue Cowboy Boots,"[""Footwear >> Women's Footwear >> Casual Shoes >> Boots""]",SHOE2HYSVYWTPJYF,3250,1800,01-11-2022
http://www.flipkart.com/magnum-footwear-lifestyle-boots/p/itmebyy446thypuv?pid=SHOEBYY4ZDWGQGEW,Magnum Footwear Lifestyle Boots,"[""Footwear >> Women's Footwear >> Casual Shoes >> Boots""]",SHOEBYY4ZDWGQGEW,3599,2399,01-11-2022
http://www.flipkart.com/steppings-trendy-boots/p/itme96vfhfykfqun?pid=SHOE3S9BYE5XWSKS,Steppings Trendy Boots,"[""Footwear >> Women's Footwear >> Casual Shoes >> Boots""]",SHOE3S9BYE5XWSKS,2199,1099,01-11-2022
http://www.flipkart.com/eleganzza-denim-analog-watch-men-women-boys-girls-couple/p/itmebgpfqhnyekgr?pid=WATEBGPF2YN8ZRHN,"Eleganzza Denim Denim Analog Watch  - For Men, Women, Boys, Girls, Couple","[""Watches >> Wrist Watches >> Eleganzza Wrist Watches""]",WATEBGPF2YN8ZRHN,1299,499,01-11-2022
http://www.flipkart.com/catbird-boots/p/itmecd7yjv37ftka?pid=SHOECD7Y2Q4ZZRDF,CatBird Boots,"[""Footwear >> Women's Footwear >> Casual Shoes >> Boots""]",SHOECD7Y2Q4ZZRDF,1399,999,01-11-2022
http://www.flipkart.com/bruno-manetti-664-boots/p/itmec8ayfpyns4s8?pid=SHOEC8AYVM7NFH6U,Bruno Manetti 664 Boots,"[""Footwear >> Women's Footwear >> Casual Shoes >> Boots""]",SHOEC8AYVM7NFH6U,2999,1199,01-11-2022
http://www.flipkart.com/lenco-bdblue-tango-analog-watch-men-boys/p/itmeb2fzbk8sfuzg?pid=WATEB2FZUMQU4W7R,"Lenco Bdblue Tango Analog Watch  - For Men, Boys","[""Watches >> Wrist Watches >> Lenco Wrist Watches""]",WATEB2FZUMQU4W7R,1499,599,01-11-2022
http://www.flipkart.com/get-glamr-designer-kuyal-boots/p/itmec8qgsnhn97gr?pid=SHOEC8QGS3H5XRKD,Get Glamr Designer Kuyal Boots,"[""Footwear >> Women's Footwear >> Casual Shoes >> Boots""]",SHOEC8QGS3H5XRKD,2799,2239,01-11-2022
http://www.flipkart.com/zoop-c4040pp03-digital-watch-boys-girls/p/itmdg4882bjeetnx?pid=WATDG487YZTHEJZZ,"Zoop C4040PP03 Digital Watch  - For Boys, Girls","[""Watches >> Wrist Watches >> Zoop Wrist Watches""]",WATDG487YZTHEJZZ,750,750,01-11-2022
http://www.flipkart.com/shoppingekart-ds0222-rewin-pack-3-digital-watch-boys-girls-couple-men/p/itmebs5ydbq8c3zd?pid=WATEBS5YABDG6ART,"Shoppingekart DS0222 Rewin Pack of 3 Digital Watch  - For Boys, Girls, Couple, Men","[""Watches >> Wrist Watches >> Shoppingekart Wrist Watches""]",WATEBS5YABDG6ART,2399,479,01-11-2022
http://www.flipkart.com/stylistry-maxis-sa3228-25relong1712-boots/p/itme8kpz98sgtsgc?pid=SHOE2NKQ4NXGAMYX,Stylistry Maxis Sa3228-25relong1712 Boots,"[""Footwear >> Women's Footwear >> Casual Shoes >> Boots""]",SHOE2NKQ4NXGAMYX,2299,1599,01-11-2022
http://www.flipkart.com/steppings-trendy-boots/p/itme96vegryd4gdn?pid=SHOE2FQCEAQCPYTS,Steppings Trendy Boots,"[""Footwear >> Women's Footwear >> Casual Shoes >> Boots""]",SHOE2FQCEAQCPYTS,1799,719,01-11-2022
http://www.flipkart.com/salt-n-pepper-14-475-dorthea-almond-boots/p/itme6zqdwtgzbjrh?pid=SHOE6ZQDA5GGTYHS,Salt N Pepper 14-475 Dorthea Almond Boots Boots,"[""Footwear >> Women's Footwear >> Casual Shoes >> Boots""]",SHOE6ZQDA5GGTYHS,4695,3521,01-11-2022
http://www.flipkart.com/d-signer-681gm-wht-analog-watch-men-boys/p/itmeckycadzqydqw?pid=WATECKYCCMXUQQMS,"D'Signer 681GM_WHT Analog Watch  - For Men, Boys","[""Watches >> Wrist Watches >> D'Signer Wrist Watches""]",WATECKYCCMXUQQMS,6995,6645,01-11-2022
http://www.flipkart.com/rialto-boots/p/itmed6k6vfuznrxu?pid=SHOED6K6Z3G5DCGB,Rialto Boots,"[""Footwear >> Women's Footwear >> Casual Shoes >> Boots""]",SHOED6K6Z3G5DCGB,2495,1799,01-11-2022
http://www.flipkart.com/swissfire-205sm005-analog-watch-boys-men/p/itmeaypyymeczsay?pid=WATEAYPYDEVBVHJ6,"SwissFire 205SM005 Analog Watch  - For Boys, Men","[""Watches >> Wrist Watches >> SwissFire Wrist Watches""]",WATEAYPYDEVBVHJ6,2195,1207,01-11-2022
http://www.flipkart.com/get-glamr-designer-uggy-boots/p/itmec8qg57swhzu5?pid=SHOEC8QG3CV6YYDJ,Get Glamr Designer Uggy Boots,"[""Footwear >> Women's Footwear >> Casual Shoes >> Boots""]",SHOEC8QG3CV6YYDJ,3499,2799,01-11-2022
http://www.flipkart.com/avon-pk-741-analog-watch-men-boys/p/itmecymjvaachcjf?pid=WATECYMJPRYH8D3E,"A Avon PK_741 Analog Watch  - For Men, Boys","[""Watches >> Wrist Watches >> A Avon Wrist Watches""]",WATECYMJPRYH8D3E,1299,639,01-11-2022
http://www.flipkart.com/carl-3346-1-cheetablue-boots/p/itme32ftfjq5z84a?pid=SHOE32FUXGXGBB5Z,Carl 3346-1-Cheetablue Boots,"[""Footwear >> Women's Footwear >> Casual Shoes >> Boots""]",SHOE32FUXGXGBB5Z,2299,1149,01-11-2022
http://www.flipkart.com/logues-lgswatch61003pp-digi-yellow-sports-analog-digital-watch-boys/p/itme7yw5ayark9gp?pid=WATE7YW5EWWECCEM,Logues LGSWATCH61003PP DIGI YELLOW Sports Analog-Digital Watch  - For Boys,"[""Watches >> Wrist Watches >> Logues Wrist Watches""]",WATE7YW5EWWECCEM,1235,1235,01-11-2022
http://www.flipkart.com/kielz-ladies-boots/p/itmef9g7qztvgstb?pid=SHOEF9G7ZES6C5HU,Kielz Ladies Boots,"[""Footwear >> Women's Footwear >> Casual Shoes >> Boots""]",SHOEF9G7ZES6C5HU,2799,1299,01-11-2022
http://www.flipkart.com/swag-670014-analog-watch-boys/p/itmebszugpyn8y3h?pid=WATEBSZUTGAQBCFN,Swag 670014 Analog Watch  - For Boys,"[""Watches >> Wrist Watches >> Swag Wrist Watches""]",WATEBSZUTGAQBCFN,1499,599,01-11-2022
http://www.flipkart.com/zoop-c3030pp05-analog-watch-boys-girls/p/itmdzmr4wekyyx2g?pid=WATDZDSVWQRRGERC,"Zoop C3030PP05 Analog Watch  - For Boys, Girls","[""Watches >> Wrist Watches >> Zoop Wrist Watches""]",WATDZDSVWQRRGERC,650,650,01-11-2022
http://www.flipkart.com/20dresses-brown-shiver-me-timbers-boots/p/itme3uqg7dxrv6pu?pid=SHOEFHKHHVGZQ9FY,20Dresses Brown Shiver Me Timbers Boots,"[""Footwear >> Women's Footwear >> Casual Shoes >> Boots""]",SHOEFHKHHVGZQ9FY,2795,2795,01-11-2022
http://www.flipkart.com/ezyprnt-rh-golf-ball-size-4-26-cm-diameter-cm/p/itmegfwggyp2ychh?pid=BALEGFWGYHBSY4UE,"ezyPRNT ""RH"" Golf Ball -   Size: 4.26 cm,  Diameter: 4.26 cm","[""Sports & Fitness >> Other Sports >> Golf >> Golf Balls >> ezyPRNT Golf Balls >> ezyPRNT \""RH\"" Golf Ball -   Size: 4.26 cm,  Diame...""]",BALEGFWGYHBSY4UE,1195,595,01-11-2022
http://www.flipkart.com/ezyprnt-bc-golf-ball-size-4-diameter-4-26-cm/p/itmegfxztzzzf335?pid=BALEGFXZGSRGJKJY,"ezyPRNT ""BC"" Golf Ball -   Size: 4,  Diameter: 4.26 cm","[""Sports & Fitness >> Other Sports >> Golf >> Golf Balls >> ezyPRNT Golf Balls >> ezyPRNT \""BC\"" Golf Ball -   Size: 4,  Diameter: 4...""]",BALEGFXZGSRGJKJY,1195,595,01-11-2022
http://www.flipkart.com/ezyprnt-ol-golf-ball-size-4-26-cm-diameter-cm/p/itmegfweqzjqbtgd?pid=BALEGFWE2Z7GTDMS,"ezyPRNT ""OL"" Golf Ball -   Size: 4.26 cm,  Diameter: 4.26 cm","[""Sports & Fitness >> Other Sports >> Golf >> Golf Balls >> ezyPRNT Golf Balls >> ezyPRNT \""OL\"" Golf Ball -   Size: 4.26 cm,  Diame...""]",BALEGFWE2Z7GTDMS,1195,595,01-11-2022
